<?xml version="1.0" encoding="UTF-8"?>
<kml xmlns="http://www.opengis.net/kml/2.2" xmlns:gx="http://www.google.com/kml/ext/2.2" xmlns:kml="http://www.opengis.net/kml/2.2" xmlns:atom="http://www.w3.org/2005/Atom">
<Document>
	<name>GPS device</name>
	<open>1</open>
	<snippet>Created Fri Aug 16 09:20:39 2024</snippet>
	<LookAt>
		<gx:TimeSpan>
			<begin>2024-08-14T23:36:09Z</begin>
			<end>2024-08-15T02:57:33Z</end>
		</gx:TimeSpan>
		<longitude>123.961726</longitude>
		<latitude>10.341769</latitude>
		<altitude>0</altitude>
		<heading>0</heading>
		<tilt>0</tilt>
		<range>2763.901711</range>
	</LookAt>
	<StyleMap id="waypoint">
		<Pair>
			<key>normal</key>
			<styleUrl>#waypoint_n</styleUrl>
		</Pair>
		<Pair>
			<key>highlight</key>
			<styleUrl>#waypoint_h</styleUrl>
		</Pair>
	</StyleMap>
	<Style id="waypoint_h">
		<IconStyle>
			<scale>1.2</scale>
			<Icon>
				<href>https://maps.google.com/mapfiles/kml/pal4/icon61.png</href>
			</Icon>
		</IconStyle>
	</Style>
	<Style id="waypoint_n">
		<IconStyle>
			<Icon>
				<href>https://maps.google.com/mapfiles/kml/pal4/icon61.png</href>
			</Icon>
		</IconStyle>
	</Style>
	<Folder>
		<name>Waypoints</name>
		<open>1</open>
		<Placemark>
			<name>2812</name>
			<TimeStamp><when>2024-08-14T23:39:19Z</when>
</TimeStamp>
			<styleUrl>#waypoint</styleUrl>
			<Point>
				<coordinates>123.968221,10.339525,-67.70999999999999</coordinates>
			</Point>
		</Placemark>
		<Placemark>
			<name>2813</name>
			<TimeStamp><when>2024-08-14T23:40:08Z</when>
</TimeStamp>
			<styleUrl>#waypoint</styleUrl>
			<Point>
				<coordinates>123.96822,10.339534,-67.70999999999999</coordinates>
			</Point>
		</Placemark>
		<Placemark>
			<name>2814</name>
			<TimeStamp><when>2024-08-14T23:42:55Z</when>
</TimeStamp>
			<styleUrl>#waypoint</styleUrl>
			<Point>
				<coordinates>123.968229,10.339441,-67.70999999999999</coordinates>
			</Point>
		</Placemark>
		<Placemark>
			<name>2815</name>
			<TimeStamp><when>2024-08-14T23:43:51Z</when>
</TimeStamp>
			<styleUrl>#waypoint</styleUrl>
			<Point>
				<coordinates>123.968411,10.3393,-67.70999999999999</coordinates>
			</Point>
		</Placemark>
		<Placemark>
			<name>2816</name>
			<TimeStamp><when>2024-08-14T23:44:36Z</when>
</TimeStamp>
			<styleUrl>#waypoint</styleUrl>
			<Point>
				<coordinates>123.968383,10.339238,-67.70999999999999</coordinates>
			</Point>
		</Placemark>
		<Placemark>
			<name>2817</name>
			<TimeStamp><when>2024-08-14T23:44:55Z</when>
</TimeStamp>
			<styleUrl>#waypoint</styleUrl>
			<Point>
				<coordinates>123.968405,10.339245,-67.70999999999999</coordinates>
			</Point>
		</Placemark>
		<Placemark>
			<name>2818</name>
			<TimeStamp><when>2024-08-14T23:45:11Z</when>
</TimeStamp>
			<styleUrl>#waypoint</styleUrl>
			<Point>
				<coordinates>123.968427,10.339228,-67.70999999999999</coordinates>
			</Point>
		</Placemark>
		<Placemark>
			<name>2819</name>
			<TimeStamp><when>2024-08-14T23:45:31Z</when>
</TimeStamp>
			<styleUrl>#waypoint</styleUrl>
			<Point>
				<coordinates>123.968499,10.339181,-67.70999999999999</coordinates>
			</Point>
		</Placemark>
		<Placemark>
			<name>2820</name>
			<TimeStamp><when>2024-08-14T23:45:48Z</when>
</TimeStamp>
			<styleUrl>#waypoint</styleUrl>
			<Point>
				<coordinates>123.968513,10.339227,-67.70999999999999</coordinates>
			</Point>
		</Placemark>
		<Placemark>
			<name>2821</name>
			<TimeStamp><when>2024-08-14T23:46:16Z</when>
</TimeStamp>
			<styleUrl>#waypoint</styleUrl>
			<Point>
				<coordinates>123.96846,10.339298,-67.70999999999999</coordinates>
			</Point>
		</Placemark>
		<Placemark>
			<name>2822</name>
			<TimeStamp><when>2024-08-14T23:46:26Z</when>
</TimeStamp>
			<styleUrl>#waypoint</styleUrl>
			<Point>
				<coordinates>123.968493,10.339308,-67.70999999999999</coordinates>
			</Point>
		</Placemark>
		<Placemark>
			<name>2823</name>
			<TimeStamp><when>2024-08-14T23:46:38Z</when>
</TimeStamp>
			<styleUrl>#waypoint</styleUrl>
			<Point>
				<coordinates>123.968535,10.339298,-67.70999999999999</coordinates>
			</Point>
		</Placemark>
		<Placemark>
			<name>2824</name>
			<TimeStamp><when>2024-08-14T23:46:48Z</when>
</TimeStamp>
			<styleUrl>#waypoint</styleUrl>
			<Point>
				<coordinates>123.968555,10.339295,-67.70999999999999</coordinates>
			</Point>
		</Placemark>
		<Placemark>
			<name>2825</name>
			<TimeStamp><when>2024-08-14T23:47:17Z</when>
</TimeStamp>
			<styleUrl>#waypoint</styleUrl>
			<Point>
				<coordinates>123.96856,10.339206,-67.70999999999999</coordinates>
			</Point>
		</Placemark>
		<Placemark>
			<name>2826</name>
			<TimeStamp><when>2024-08-14T23:47:29Z</when>
</TimeStamp>
			<styleUrl>#waypoint</styleUrl>
			<Point>
				<coordinates>123.968587,10.339164,-67.70999999999999</coordinates>
			</Point>
		</Placemark>
		<Placemark>
			<name>2827</name>
			<TimeStamp><when>2024-08-14T23:47:43Z</when>
</TimeStamp>
			<styleUrl>#waypoint</styleUrl>
			<Point>
				<coordinates>123.968614,10.339188,-67.70999999999999</coordinates>
			</Point>
		</Placemark>
		<Placemark>
			<name>2828</name>
			<TimeStamp><when>2024-08-14T23:47:53Z</when>
</TimeStamp>
			<styleUrl>#waypoint</styleUrl>
			<Point>
				<coordinates>123.968614,10.33922,-67.70999999999999</coordinates>
			</Point>
		</Placemark>
		<Placemark>
			<name>2829</name>
			<TimeStamp><when>2024-08-14T23:48:12Z</when>
</TimeStamp>
			<styleUrl>#waypoint</styleUrl>
			<Point>
				<coordinates>123.968605,10.339264,-67.70999999999999</coordinates>
			</Point>
		</Placemark>
		<Placemark>
			<name>2830</name>
			<TimeStamp><when>2024-08-14T23:48:23Z</when>
</TimeStamp>
			<styleUrl>#waypoint</styleUrl>
			<Point>
				<coordinates>123.968639,10.339293,-67.70999999999999</coordinates>
			</Point>
		</Placemark>
		<Placemark>
			<name>2831</name>
			<TimeStamp><when>2024-08-14T23:48:38Z</when>
</TimeStamp>
			<styleUrl>#waypoint</styleUrl>
			<Point>
				<coordinates>123.968663,10.339241,-67.70999999999999</coordinates>
			</Point>
		</Placemark>
		<Placemark>
			<name>2832</name>
			<TimeStamp><when>2024-08-14T23:48:48Z</when>
</TimeStamp>
			<styleUrl>#waypoint</styleUrl>
			<Point>
				<coordinates>123.968666,10.339217,-67.70999999999999</coordinates>
			</Point>
		</Placemark>
		<Placemark>
			<name>2833</name>
			<TimeStamp><when>2024-08-14T23:49:01Z</when>
</TimeStamp>
			<styleUrl>#waypoint</styleUrl>
			<Point>
				<coordinates>123.968665,10.339166,-67.70999999999999</coordinates>
			</Point>
		</Placemark>
		<Placemark>
			<name>2834</name>
			<TimeStamp><when>2024-08-14T23:49:15Z</when>
</TimeStamp>
			<styleUrl>#waypoint</styleUrl>
			<Point>
				<coordinates>123.968681,10.33915,-67.70999999999999</coordinates>
			</Point>
		</Placemark>
		<Placemark>
			<name>2835</name>
			<TimeStamp><when>2024-08-14T23:49:37Z</when>
</TimeStamp>
			<styleUrl>#waypoint</styleUrl>
			<Point>
				<coordinates>123.968715,10.339169,-67.70999999999999</coordinates>
			</Point>
		</Placemark>
		<Placemark>
			<name>2836</name>
			<TimeStamp><when>2024-08-14T23:50:06Z</when>
</TimeStamp>
			<styleUrl>#waypoint</styleUrl>
			<Point>
				<coordinates>123.968718,10.339195,-67.70999999999999</coordinates>
			</Point>
		</Placemark>
		<Placemark>
			<name>2837</name>
			<TimeStamp><when>2024-08-14T23:50:16Z</when>
</TimeStamp>
			<styleUrl>#waypoint</styleUrl>
			<Point>
				<coordinates>123.96872,10.339251,-67.70999999999999</coordinates>
			</Point>
		</Placemark>
		<Placemark>
			<name>2838</name>
			<TimeStamp><when>2024-08-14T23:50:32Z</when>
</TimeStamp>
			<styleUrl>#waypoint</styleUrl>
			<Point>
				<coordinates>123.968772,10.339287,-67.70999999999999</coordinates>
			</Point>
		</Placemark>
		<Placemark>
			<name>2839</name>
			<TimeStamp><when>2024-08-14T23:50:47Z</when>
</TimeStamp>
			<styleUrl>#waypoint</styleUrl>
			<Point>
				<coordinates>123.968789,10.3393,-67.70999999999999</coordinates>
			</Point>
		</Placemark>
		<Placemark>
			<name>2840</name>
			<TimeStamp><when>2024-08-14T23:51:26Z</when>
</TimeStamp>
			<styleUrl>#waypoint</styleUrl>
			<Point>
				<coordinates>123.968787,10.339247,-67.70999999999999</coordinates>
			</Point>
		</Placemark>
		<Placemark>
			<name>2841</name>
			<TimeStamp><when>2024-08-14T23:51:40Z</when>
</TimeStamp>
			<styleUrl>#waypoint</styleUrl>
			<Point>
				<coordinates>123.968786,10.339185,-67.70999999999999</coordinates>
			</Point>
		</Placemark>
		<Placemark>
			<name>2842</name>
			<TimeStamp><when>2024-08-14T23:51:58Z</when>
</TimeStamp>
			<styleUrl>#waypoint</styleUrl>
			<Point>
				<coordinates>123.968824,10.339148,-67.70999999999999</coordinates>
			</Point>
		</Placemark>
		<Placemark>
			<name>2843</name>
			<TimeStamp><when>2024-08-14T23:52:08Z</when>
</TimeStamp>
			<styleUrl>#waypoint</styleUrl>
			<Point>
				<coordinates>123.968829,10.339177,-67.70999999999999</coordinates>
			</Point>
		</Placemark>
		<Placemark>
			<name>2844</name>
			<TimeStamp><when>2024-08-14T23:52:17Z</when>
</TimeStamp>
			<styleUrl>#waypoint</styleUrl>
			<Point>
				<coordinates>123.968833,10.339227,-67.70999999999999</coordinates>
			</Point>
		</Placemark>
		<Placemark>
			<name>2845</name>
			<TimeStamp><when>2024-08-14T23:52:26Z</when>
</TimeStamp>
			<styleUrl>#waypoint</styleUrl>
			<Point>
				<coordinates>123.968839,10.339264,-67.70999999999999</coordinates>
			</Point>
		</Placemark>
		<Placemark>
			<name>2846</name>
			<TimeStamp><when>2024-08-14T23:52:37Z</when>
</TimeStamp>
			<styleUrl>#waypoint</styleUrl>
			<Point>
				<coordinates>123.968874,10.33928,-67.70999999999999</coordinates>
			</Point>
		</Placemark>
		<Placemark>
			<name>2847</name>
			<TimeStamp><when>2024-08-14T23:52:44Z</when>
</TimeStamp>
			<styleUrl>#waypoint</styleUrl>
			<Point>
				<coordinates>123.968885,10.339276,-67.70999999999999</coordinates>
			</Point>
		</Placemark>
		<Placemark>
			<name>2848</name>
			<TimeStamp><when>2024-08-14T23:52:56Z</when>
</TimeStamp>
			<styleUrl>#waypoint</styleUrl>
			<Point>
				<coordinates>123.968875,10.3392,-67.70999999999999</coordinates>
			</Point>
		</Placemark>
		<Placemark>
			<name>2849</name>
			<TimeStamp><when>2024-08-14T23:53:11Z</when>
</TimeStamp>
			<styleUrl>#waypoint</styleUrl>
			<Point>
				<coordinates>123.96888,10.339169,-67.70999999999999</coordinates>
			</Point>
		</Placemark>
		<Placemark>
			<name>2850</name>
			<TimeStamp><when>2024-08-14T23:53:31Z</when>
</TimeStamp>
			<styleUrl>#waypoint</styleUrl>
			<Point>
				<coordinates>123.968929,10.339157,-67.70999999999999</coordinates>
			</Point>
		</Placemark>
		<Placemark>
			<name>2851</name>
			<TimeStamp><when>2024-08-14T23:53:42Z</when>
</TimeStamp>
			<styleUrl>#waypoint</styleUrl>
			<Point>
				<coordinates>123.968958,10.339183,-67.70999999999999</coordinates>
			</Point>
		</Placemark>
		<Placemark>
			<name>2852</name>
			<TimeStamp><when>2024-08-14T23:53:50Z</when>
</TimeStamp>
			<styleUrl>#waypoint</styleUrl>
			<Point>
				<coordinates>123.968959,10.339213,-67.70999999999999</coordinates>
			</Point>
		</Placemark>
		<Placemark>
			<name>2853</name>
			<TimeStamp><when>2024-08-14T23:53:56Z</when>
</TimeStamp>
			<styleUrl>#waypoint</styleUrl>
			<Point>
				<coordinates>123.968949,10.339244,-67.70999999999999</coordinates>
			</Point>
		</Placemark>
		<Placemark>
			<name>2854</name>
			<TimeStamp><when>2024-08-14T23:54:05Z</when>
</TimeStamp>
			<styleUrl>#waypoint</styleUrl>
			<Point>
				<coordinates>123.968948,10.33927,-67.70999999999999</coordinates>
			</Point>
		</Placemark>
		<Placemark>
			<name>2855</name>
			<TimeStamp><when>2024-08-14T23:54:21Z</when>
</TimeStamp>
			<styleUrl>#waypoint</styleUrl>
			<Point>
				<coordinates>123.968966,10.339262,-67.70999999999999</coordinates>
			</Point>
		</Placemark>
		<Placemark>
			<name>2856</name>
			<TimeStamp><when>2024-08-14T23:54:32Z</when>
</TimeStamp>
			<styleUrl>#waypoint</styleUrl>
			<Point>
				<coordinates>123.968976,10.339238,-67.70999999999999</coordinates>
			</Point>
		</Placemark>
		<Placemark>
			<name>2857</name>
			<TimeStamp><when>2024-08-14T23:54:52Z</when>
</TimeStamp>
			<styleUrl>#waypoint</styleUrl>
			<Point>
				<coordinates>123.969031,10.339188,-67.70999999999999</coordinates>
			</Point>
		</Placemark>
		<Placemark>
			<name>2858</name>
			<TimeStamp><when>2024-08-14T23:55:14Z</when>
</TimeStamp>
			<styleUrl>#waypoint</styleUrl>
			<Point>
				<coordinates>123.969038,10.339185,-67.70999999999999</coordinates>
			</Point>
		</Placemark>
		<Placemark>
			<name>2859</name>
			<TimeStamp><when>2024-08-14T23:55:51Z</when>
</TimeStamp>
			<styleUrl>#waypoint</styleUrl>
			<Point>
				<coordinates>123.968968,10.339355,-67.70999999999999</coordinates>
			</Point>
		</Placemark>
		<Placemark>
			<name>2860</name>
			<TimeStamp><when>2024-08-14T23:56:51Z</when>
</TimeStamp>
			<styleUrl>#waypoint</styleUrl>
			<Point>
				<coordinates>123.968979,10.339373,-67.70999999999999</coordinates>
			</Point>
		</Placemark>
		<Placemark>
			<name>2861</name>
			<TimeStamp><when>2024-08-14T23:57:09Z</when>
</TimeStamp>
			<styleUrl>#waypoint</styleUrl>
			<Point>
				<coordinates>123.968917,10.339381,-67.70999999999999</coordinates>
			</Point>
		</Placemark>
		<Placemark>
			<name>2862</name>
			<TimeStamp><when>2024-08-14T23:57:21Z</when>
</TimeStamp>
			<styleUrl>#waypoint</styleUrl>
			<Point>
				<coordinates>123.968874,10.339373,-67.70999999999999</coordinates>
			</Point>
		</Placemark>
		<Placemark>
			<name>2863</name>
			<TimeStamp><when>2024-08-14T23:57:50Z</when>
</TimeStamp>
			<styleUrl>#waypoint</styleUrl>
			<Point>
				<coordinates>123.968794,10.339428,-67.70999999999999</coordinates>
			</Point>
		</Placemark>
		<Placemark>
			<name>2864</name>
			<TimeStamp><when>2024-08-14T23:57:56Z</when>
</TimeStamp>
			<styleUrl>#waypoint</styleUrl>
			<Point>
				<coordinates>123.968802,10.339436,-67.70999999999999</coordinates>
			</Point>
		</Placemark>
		<Placemark>
			<name>2865</name>
			<TimeStamp><when>2024-08-14T23:58:06Z</when>
</TimeStamp>
			<styleUrl>#waypoint</styleUrl>
			<Point>
				<coordinates>123.968845,10.339425,-67.70999999999999</coordinates>
			</Point>
		</Placemark>
		<Placemark>
			<name>2866</name>
			<TimeStamp><when>2024-08-14T23:58:13Z</when>
</TimeStamp>
			<styleUrl>#waypoint</styleUrl>
			<Point>
				<coordinates>123.96889,10.339419,-67.70999999999999</coordinates>
			</Point>
		</Placemark>
		<Placemark>
			<name>2867</name>
			<TimeStamp><when>2024-08-14T23:58:23Z</when>
</TimeStamp>
			<styleUrl>#waypoint</styleUrl>
			<Point>
				<coordinates>123.968936,10.339411,-67.70999999999999</coordinates>
			</Point>
		</Placemark>
		<Placemark>
			<name>2868</name>
			<TimeStamp><when>2024-08-14T23:58:32Z</when>
</TimeStamp>
			<styleUrl>#waypoint</styleUrl>
			<Point>
				<coordinates>123.968992,10.339407,-67.70999999999999</coordinates>
			</Point>
		</Placemark>
		<Placemark>
			<name>2869</name>
			<TimeStamp><when>2024-08-14T23:58:46Z</when>
</TimeStamp>
			<styleUrl>#waypoint</styleUrl>
			<Point>
				<coordinates>123.969046,10.339404,-67.70999999999999</coordinates>
			</Point>
		</Placemark>
		<Placemark>
			<name>2870</name>
			<TimeStamp><when>2024-08-14T23:58:59Z</when>
</TimeStamp>
			<styleUrl>#waypoint</styleUrl>
			<Point>
				<coordinates>123.969064,10.339436,-67.70999999999999</coordinates>
			</Point>
		</Placemark>
		<Placemark>
			<name>2871</name>
			<TimeStamp><when>2024-08-14T23:59:04Z</when>
</TimeStamp>
			<styleUrl>#waypoint</styleUrl>
			<Point>
				<coordinates>123.969046,10.339442,-67.70999999999999</coordinates>
			</Point>
		</Placemark>
		<Placemark>
			<name>2872</name>
			<TimeStamp><when>2024-08-14T23:59:14Z</when>
</TimeStamp>
			<styleUrl>#waypoint</styleUrl>
			<Point>
				<coordinates>123.968985,10.33945,-67.70999999999999</coordinates>
			</Point>
		</Placemark>
		<Placemark>
			<name>2873</name>
			<TimeStamp><when>2024-08-14T23:59:23Z</when>
</TimeStamp>
			<styleUrl>#waypoint</styleUrl>
			<Point>
				<coordinates>123.968927,10.339459,-67.70999999999999</coordinates>
			</Point>
		</Placemark>
		<Placemark>
			<name>2874</name>
			<TimeStamp><when>2024-08-14T23:59:30Z</when>
</TimeStamp>
			<styleUrl>#waypoint</styleUrl>
			<Point>
				<coordinates>123.968887,10.339462,-67.70999999999999</coordinates>
			</Point>
		</Placemark>
		<Placemark>
			<name>2875</name>
			<TimeStamp><when>2024-08-14T23:59:36Z</when>
</TimeStamp>
			<styleUrl>#waypoint</styleUrl>
			<Point>
				<coordinates>123.96885,10.339465,-67.70999999999999</coordinates>
			</Point>
		</Placemark>
		<Placemark>
			<name>2876</name>
			<TimeStamp><when>2024-08-14T23:59:50Z</when>
</TimeStamp>
			<styleUrl>#waypoint</styleUrl>
			<Point>
				<coordinates>123.968839,10.339483,-67.70999999999999</coordinates>
			</Point>
		</Placemark>
		<Placemark>
			<name>2877</name>
			<TimeStamp><when>2024-08-15T00:00:42Z</when>
</TimeStamp>
			<styleUrl>#waypoint</styleUrl>
			<Point>
				<coordinates>123.968843,10.339516,-67.70999999999999</coordinates>
			</Point>
		</Placemark>
		<Placemark>
			<name>2878</name>
			<TimeStamp><when>2024-08-15T00:00:53Z</when>
</TimeStamp>
			<styleUrl>#waypoint</styleUrl>
			<Point>
				<coordinates>123.968885,10.33952,-67.70999999999999</coordinates>
			</Point>
		</Placemark>
		<Placemark>
			<name>2879</name>
			<TimeStamp><when>2024-08-15T00:01:03Z</when>
</TimeStamp>
			<styleUrl>#waypoint</styleUrl>
			<Point>
				<coordinates>123.96891,10.339514,-67.70999999999999</coordinates>
			</Point>
		</Placemark>
		<Placemark>
			<name>2880</name>
			<TimeStamp><when>2024-08-15T00:01:15Z</when>
</TimeStamp>
			<styleUrl>#waypoint</styleUrl>
			<Point>
				<coordinates>123.96898,10.339498,-67.70999999999999</coordinates>
			</Point>
		</Placemark>
		<Placemark>
			<name>2881</name>
			<TimeStamp><when>2024-08-15T00:01:23Z</when>
</TimeStamp>
			<styleUrl>#waypoint</styleUrl>
			<Point>
				<coordinates>123.969028,10.339492,-67.70999999999999</coordinates>
			</Point>
		</Placemark>
		<Placemark>
			<name>2882</name>
			<TimeStamp><when>2024-08-15T00:01:32Z</when>
</TimeStamp>
			<styleUrl>#waypoint</styleUrl>
			<Point>
				<coordinates>123.969093,10.339481,-67.70999999999999</coordinates>
			</Point>
		</Placemark>
		<Placemark>
			<name>2883</name>
			<TimeStamp><when>2024-08-15T00:01:40Z</when>
</TimeStamp>
			<styleUrl>#waypoint</styleUrl>
			<Point>
				<coordinates>123.969122,10.339497,-67.70999999999999</coordinates>
			</Point>
		</Placemark>
		<Placemark>
			<name>2884</name>
			<TimeStamp><when>2024-08-15T00:01:47Z</when>
</TimeStamp>
			<styleUrl>#waypoint</styleUrl>
			<Point>
				<coordinates>123.969096,10.339517,-67.70999999999999</coordinates>
			</Point>
		</Placemark>
		<Placemark>
			<name>2885</name>
			<TimeStamp><when>2024-08-15T00:01:53Z</when>
</TimeStamp>
			<styleUrl>#waypoint</styleUrl>
			<Point>
				<coordinates>123.969061,10.339526,-67.70999999999999</coordinates>
			</Point>
		</Placemark>
		<Placemark>
			<name>2886</name>
			<TimeStamp><when>2024-08-15T00:02:02Z</when>
</TimeStamp>
			<styleUrl>#waypoint</styleUrl>
			<Point>
				<coordinates>123.969001,10.339541,-67.70999999999999</coordinates>
			</Point>
		</Placemark>
		<Placemark>
			<name>2887</name>
			<TimeStamp><when>2024-08-15T00:02:10Z</when>
</TimeStamp>
			<styleUrl>#waypoint</styleUrl>
			<Point>
				<coordinates>123.96895,10.339541,-67.70999999999999</coordinates>
			</Point>
		</Placemark>
		<Placemark>
			<name>2888</name>
			<TimeStamp><when>2024-08-15T00:02:16Z</when>
</TimeStamp>
			<styleUrl>#waypoint</styleUrl>
			<Point>
				<coordinates>123.968924,10.339553,-67.70999999999999</coordinates>
			</Point>
		</Placemark>
		<Placemark>
			<name>2889</name>
			<TimeStamp><when>2024-08-15T00:02:28Z</when>
</TimeStamp>
			<styleUrl>#waypoint</styleUrl>
			<Point>
				<coordinates>123.968845,10.339561,-67.70999999999999</coordinates>
			</Point>
		</Placemark>
		<Placemark>
			<name>2890</name>
			<TimeStamp><when>2024-08-15T00:02:39Z</when>
</TimeStamp>
			<styleUrl>#waypoint</styleUrl>
			<Point>
				<coordinates>123.96883,10.339579,-67.70999999999999</coordinates>
			</Point>
		</Placemark>
		<Placemark>
			<name>2891</name>
			<TimeStamp><when>2024-08-15T00:03:18Z</when>
</TimeStamp>
			<styleUrl>#waypoint</styleUrl>
			<Point>
				<coordinates>123.968842,10.339608,-67.70999999999999</coordinates>
			</Point>
		</Placemark>
		<Placemark>
			<name>2892</name>
			<TimeStamp><when>2024-08-15T00:03:27Z</when>
</TimeStamp>
			<styleUrl>#waypoint</styleUrl>
			<Point>
				<coordinates>123.968879,10.339601,-67.70999999999999</coordinates>
			</Point>
		</Placemark>
		<Placemark>
			<name>2893</name>
			<TimeStamp><when>2024-08-15T00:03:35Z</when>
</TimeStamp>
			<styleUrl>#waypoint</styleUrl>
			<Point>
				<coordinates>123.968935,10.339592,-67.70999999999999</coordinates>
			</Point>
		</Placemark>
		<Placemark>
			<name>2894</name>
			<TimeStamp><when>2024-08-15T00:03:46Z</when>
</TimeStamp>
			<styleUrl>#waypoint</styleUrl>
			<Point>
				<coordinates>123.969026,10.339572,-67.70999999999999</coordinates>
			</Point>
		</Placemark>
		<Placemark>
			<name>2895</name>
			<TimeStamp><when>2024-08-15T00:03:56Z</when>
</TimeStamp>
			<styleUrl>#waypoint</styleUrl>
			<Point>
				<coordinates>123.969031,10.339575,-67.70999999999999</coordinates>
			</Point>
		</Placemark>
		<Placemark>
			<name>2896</name>
			<TimeStamp><when>2024-08-15T00:04:12Z</when>
</TimeStamp>
			<styleUrl>#waypoint</styleUrl>
			<Point>
				<coordinates>123.969026,10.339575,-67.70999999999999</coordinates>
			</Point>
		</Placemark>
		<Placemark>
			<name>2897</name>
			<TimeStamp><when>2024-08-15T00:04:23Z</when>
</TimeStamp>
			<styleUrl>#waypoint</styleUrl>
			<Point>
				<coordinates>123.969078,10.339569,-67.70999999999999</coordinates>
			</Point>
		</Placemark>
		<Placemark>
			<name>2898</name>
			<TimeStamp><when>2024-08-15T00:04:34Z</when>
</TimeStamp>
			<styleUrl>#waypoint</styleUrl>
			<Point>
				<coordinates>123.969135,10.339589,-67.70999999999999</coordinates>
			</Point>
		</Placemark>
		<Placemark>
			<name>2899</name>
			<TimeStamp><when>2024-08-15T00:04:47Z</when>
</TimeStamp>
			<styleUrl>#waypoint</styleUrl>
			<Point>
				<coordinates>123.969091,10.339603,-67.70999999999999</coordinates>
			</Point>
		</Placemark>
		<Placemark>
			<name>2900</name>
			<TimeStamp><when>2024-08-15T00:04:56Z</when>
</TimeStamp>
			<styleUrl>#waypoint</styleUrl>
			<Point>
				<coordinates>123.969049,10.339609,-67.70999999999999</coordinates>
			</Point>
		</Placemark>
		<Placemark>
			<name>2901</name>
			<TimeStamp><when>2024-08-15T00:05:03Z</when>
</TimeStamp>
			<styleUrl>#waypoint</styleUrl>
			<Point>
				<coordinates>123.969024,10.339617,-67.70999999999999</coordinates>
			</Point>
		</Placemark>
		<Placemark>
			<name>2902</name>
			<TimeStamp><when>2024-08-15T00:05:15Z</when>
</TimeStamp>
			<styleUrl>#waypoint</styleUrl>
			<Point>
				<coordinates>123.968946,10.339637,-67.70999999999999</coordinates>
			</Point>
		</Placemark>
		<Placemark>
			<name>2903</name>
			<TimeStamp><when>2024-08-15T00:05:38Z</when>
</TimeStamp>
			<styleUrl>#waypoint</styleUrl>
			<Point>
				<coordinates>123.96893,10.339642,-67.70999999999999</coordinates>
			</Point>
		</Placemark>
		<Placemark>
			<name>2904</name>
			<TimeStamp><when>2024-08-15T00:07:23Z</when>
</TimeStamp>
			<styleUrl>#waypoint</styleUrl>
			<Point>
				<coordinates>123.96885,10.339675,-67.70999999999999</coordinates>
			</Point>
		</Placemark>
		<Placemark>
			<name>2905</name>
			<TimeStamp><when>2024-08-15T00:13:49Z</when>
</TimeStamp>
			<styleUrl>#waypoint</styleUrl>
			<Point>
				<coordinates>123.968902,10.339751,-67.70999999999999</coordinates>
			</Point>
		</Placemark>
		<Placemark>
			<name>2906</name>
			<TimeStamp><when>2024-08-15T00:14:04Z</when>
</TimeStamp>
			<styleUrl>#waypoint</styleUrl>
			<Point>
				<coordinates>123.969003,10.339713,-67.70999999999999</coordinates>
			</Point>
		</Placemark>
		<Placemark>
			<name>2907</name>
			<TimeStamp><when>2024-08-15T00:14:17Z</when>
</TimeStamp>
			<styleUrl>#waypoint</styleUrl>
			<Point>
				<coordinates>123.969103,10.339689,-67.70999999999999</coordinates>
			</Point>
		</Placemark>
		<Placemark>
			<name>2908</name>
			<TimeStamp><when>2024-08-15T00:14:26Z</when>
</TimeStamp>
			<styleUrl>#waypoint</styleUrl>
			<Point>
				<coordinates>123.969146,10.339676,-67.70999999999999</coordinates>
			</Point>
		</Placemark>
		<Placemark>
			<name>2909</name>
			<TimeStamp><when>2024-08-15T00:14:32Z</when>
</TimeStamp>
			<styleUrl>#waypoint</styleUrl>
			<Point>
				<coordinates>123.969152,10.339691,-67.70999999999999</coordinates>
			</Point>
		</Placemark>
		<Placemark>
			<name>2910</name>
			<TimeStamp><when>2024-08-15T00:14:40Z</when>
</TimeStamp>
			<styleUrl>#waypoint</styleUrl>
			<Point>
				<coordinates>123.96914,10.339717,-67.70999999999999</coordinates>
			</Point>
		</Placemark>
		<Placemark>
			<name>2911</name>
			<TimeStamp><when>2024-08-15T00:14:47Z</when>
</TimeStamp>
			<styleUrl>#waypoint</styleUrl>
			<Point>
				<coordinates>123.969104,10.339726,-67.70999999999999</coordinates>
			</Point>
		</Placemark>
		<Placemark>
			<name>2912</name>
			<TimeStamp><when>2024-08-15T00:14:54Z</when>
</TimeStamp>
			<styleUrl>#waypoint</styleUrl>
			<Point>
				<coordinates>123.969059,10.339737,-67.70999999999999</coordinates>
			</Point>
		</Placemark>
		<Placemark>
			<name>2913</name>
			<TimeStamp><when>2024-08-15T00:15:01Z</when>
</TimeStamp>
			<styleUrl>#waypoint</styleUrl>
			<Point>
				<coordinates>123.969016,10.33976,-67.70999999999999</coordinates>
			</Point>
		</Placemark>
		<Placemark>
			<name>2914</name>
			<TimeStamp><when>2024-08-15T00:15:12Z</when>
</TimeStamp>
			<styleUrl>#waypoint</styleUrl>
			<Point>
				<coordinates>123.968941,10.339786,-67.70999999999999</coordinates>
			</Point>
		</Placemark>
		<Placemark>
			<name>2915</name>
			<TimeStamp><when>2024-08-15T00:15:35Z</when>
</TimeStamp>
			<styleUrl>#waypoint</styleUrl>
			<Point>
				<coordinates>123.968897,10.339812,-67.70999999999999</coordinates>
			</Point>
		</Placemark>
		<Placemark>
			<name>2916</name>
			<TimeStamp><when>2024-08-15T00:15:52Z</when>
</TimeStamp>
			<styleUrl>#waypoint</styleUrl>
			<Point>
				<coordinates>123.968951,10.339832,-67.70999999999999</coordinates>
			</Point>
		</Placemark>
		<Placemark>
			<name>2917</name>
			<TimeStamp><when>2024-08-15T00:16:02Z</when>
</TimeStamp>
			<styleUrl>#waypoint</styleUrl>
			<Point>
				<coordinates>123.968993,10.339819,-67.70999999999999</coordinates>
			</Point>
		</Placemark>
		<Placemark>
			<name>2918</name>
			<TimeStamp><when>2024-08-15T00:16:07Z</when>
</TimeStamp>
			<styleUrl>#waypoint</styleUrl>
			<Point>
				<coordinates>123.969009,10.339813,-67.70999999999999</coordinates>
			</Point>
		</Placemark>
		<Placemark>
			<name>2919</name>
			<TimeStamp><when>2024-08-15T00:16:17Z</when>
</TimeStamp>
			<styleUrl>#waypoint</styleUrl>
			<Point>
				<coordinates>123.969075,10.339784,-67.70999999999999</coordinates>
			</Point>
		</Placemark>
		<Placemark>
			<name>2920</name>
			<TimeStamp><when>2024-08-15T00:16:38Z</when>
</TimeStamp>
			<styleUrl>#waypoint</styleUrl>
			<Point>
				<coordinates>123.969096,10.339788,-67.70999999999999</coordinates>
			</Point>
		</Placemark>
		<Placemark>
			<name>2921</name>
			<TimeStamp><when>2024-08-15T00:18:44Z</when>
</TimeStamp>
			<styleUrl>#waypoint</styleUrl>
			<Point>
				<coordinates>123.969135,10.339766,-67.70999999999999</coordinates>
			</Point>
		</Placemark>
		<Placemark>
			<name>2922</name>
			<TimeStamp><when>2024-08-15T00:19:00Z</when>
</TimeStamp>
			<styleUrl>#waypoint</styleUrl>
			<Point>
				<coordinates>123.969192,10.339786,-67.70999999999999</coordinates>
			</Point>
		</Placemark>
		<Placemark>
			<name>2923</name>
			<TimeStamp><when>2024-08-15T00:19:09Z</when>
</TimeStamp>
			<styleUrl>#waypoint</styleUrl>
			<Point>
				<coordinates>123.969168,10.339806,-67.70999999999999</coordinates>
			</Point>
		</Placemark>
		<Placemark>
			<name>2924</name>
			<TimeStamp><when>2024-08-15T00:19:14Z</when>
</TimeStamp>
			<styleUrl>#waypoint</styleUrl>
			<Point>
				<coordinates>123.969148,10.339815,-67.70999999999999</coordinates>
			</Point>
		</Placemark>
		<Placemark>
			<name>2925</name>
			<TimeStamp><when>2024-08-15T00:19:25Z</when>
</TimeStamp>
			<styleUrl>#waypoint</styleUrl>
			<Point>
				<coordinates>123.969075,10.339836,-67.70999999999999</coordinates>
			</Point>
		</Placemark>
		<Placemark>
			<name>2926</name>
			<TimeStamp><when>2024-08-15T00:19:33Z</when>
</TimeStamp>
			<styleUrl>#waypoint</styleUrl>
			<Point>
				<coordinates>123.96903,10.339851,-67.70999999999999</coordinates>
			</Point>
		</Placemark>
		<Placemark>
			<name>2927</name>
			<TimeStamp><when>2024-08-15T00:19:42Z</when>
</TimeStamp>
			<styleUrl>#waypoint</styleUrl>
			<Point>
				<coordinates>123.968996,10.339846,-67.70999999999999</coordinates>
			</Point>
		</Placemark>
		<Placemark>
			<name>2928</name>
			<TimeStamp><when>2024-08-15T00:19:52Z</when>
</TimeStamp>
			<styleUrl>#waypoint</styleUrl>
			<Point>
				<coordinates>123.968926,10.339888,-67.70999999999999</coordinates>
			</Point>
		</Placemark>
		<Placemark>
			<name>2929</name>
			<TimeStamp><when>2024-08-15T00:20:08Z</when>
</TimeStamp>
			<styleUrl>#waypoint</styleUrl>
			<Point>
				<coordinates>123.968948,10.339962,-67.70999999999999</coordinates>
			</Point>
		</Placemark>
		<Placemark>
			<name>2930</name>
			<TimeStamp><when>2024-08-15T00:20:16Z</when>
</TimeStamp>
			<styleUrl>#waypoint</styleUrl>
			<Point>
				<coordinates>123.968975,10.339968,-67.70999999999999</coordinates>
			</Point>
		</Placemark>
		<Placemark>
			<name>2931</name>
			<TimeStamp><when>2024-08-15T00:20:52Z</when>
</TimeStamp>
			<styleUrl>#waypoint</styleUrl>
			<Point>
				<coordinates>123.969041,10.339936,-67.70999999999999</coordinates>
			</Point>
		</Placemark>
		<Placemark>
			<name>2932</name>
			<TimeStamp><when>2024-08-15T00:20:58Z</when>
</TimeStamp>
			<styleUrl>#waypoint</styleUrl>
			<Point>
				<coordinates>123.969052,10.339926,-67.70999999999999</coordinates>
			</Point>
		</Placemark>
		<Placemark>
			<name>2933</name>
			<TimeStamp><when>2024-08-15T00:21:10Z</when>
</TimeStamp>
			<styleUrl>#waypoint</styleUrl>
			<Point>
				<coordinates>123.969135,10.3399,-67.70999999999999</coordinates>
			</Point>
		</Placemark>
		<Placemark>
			<name>2934</name>
			<TimeStamp><when>2024-08-15T00:21:18Z</when>
</TimeStamp>
			<styleUrl>#waypoint</styleUrl>
			<Point>
				<coordinates>123.969156,10.339887,-67.70999999999999</coordinates>
			</Point>
		</Placemark>
		<Placemark>
			<name>2935</name>
			<TimeStamp><when>2024-08-15T00:21:46Z</when>
</TimeStamp>
			<styleUrl>#waypoint</styleUrl>
			<Point>
				<coordinates>123.969192,10.339875,-67.70999999999999</coordinates>
			</Point>
		</Placemark>
		<Placemark>
			<name>2936</name>
			<TimeStamp><when>2024-08-15T00:22:29Z</when>
</TimeStamp>
			<styleUrl>#waypoint</styleUrl>
			<Point>
				<coordinates>123.969168,10.33983,-67.70999999999999</coordinates>
			</Point>
		</Placemark>
		<Placemark>
			<name>2937</name>
			<TimeStamp><when>2024-08-15T00:22:44Z</when>
</TimeStamp>
			<styleUrl>#waypoint</styleUrl>
			<Point>
				<coordinates>123.969145,10.339836,-67.70999999999999</coordinates>
			</Point>
		</Placemark>
		<Placemark>
			<name>2938</name>
			<TimeStamp><when>2024-08-15T00:23:09Z</when>
</TimeStamp>
			<styleUrl>#waypoint</styleUrl>
			<Point>
				<coordinates>123.969102,10.339853,-67.70999999999999</coordinates>
			</Point>
		</Placemark>
		<Placemark>
			<name>2939</name>
			<TimeStamp><when>2024-08-15T00:23:23Z</when>
</TimeStamp>
			<styleUrl>#waypoint</styleUrl>
			<Point>
				<coordinates>123.96903,10.339888,-67.70999999999999</coordinates>
			</Point>
		</Placemark>
		<Placemark>
			<name>2940</name>
			<TimeStamp><when>2024-08-15T00:23:30Z</when>
</TimeStamp>
			<styleUrl>#waypoint</styleUrl>
			<Point>
				<coordinates>123.969011,10.339896,-67.70999999999999</coordinates>
			</Point>
		</Placemark>
		<Placemark>
			<name>2941</name>
			<TimeStamp><when>2024-08-15T00:24:09Z</when>
</TimeStamp>
			<styleUrl>#waypoint</styleUrl>
			<Point>
				<coordinates>123.969154,10.339932,-67.70999999999999</coordinates>
			</Point>
		</Placemark>
		<Placemark>
			<name>2942</name>
			<TimeStamp><when>2024-08-15T00:24:24Z</when>
</TimeStamp>
			<styleUrl>#waypoint</styleUrl>
			<Point>
				<coordinates>123.969142,10.339938,-67.70999999999999</coordinates>
			</Point>
		</Placemark>
		<Placemark>
			<name>2943</name>
			<TimeStamp><when>2024-08-15T00:24:31Z</when>
</TimeStamp>
			<styleUrl>#waypoint</styleUrl>
			<Point>
				<coordinates>123.969105,10.339959,-67.70999999999999</coordinates>
			</Point>
		</Placemark>
		<Placemark>
			<name>2944</name>
			<TimeStamp><when>2024-08-15T00:24:40Z</when>
</TimeStamp>
			<styleUrl>#waypoint</styleUrl>
			<Point>
				<coordinates>123.969057,10.339986,-67.70999999999999</coordinates>
			</Point>
		</Placemark>
		<Placemark>
			<name>2945</name>
			<TimeStamp><when>2024-08-15T00:24:50Z</when>
</TimeStamp>
			<styleUrl>#waypoint</styleUrl>
			<Point>
				<coordinates>123.968983,10.340023,-67.70999999999999</coordinates>
			</Point>
		</Placemark>
		<Placemark>
			<name>2946</name>
			<TimeStamp><when>2024-08-15T00:24:58Z</when>
</TimeStamp>
			<styleUrl>#waypoint</styleUrl>
			<Point>
				<coordinates>123.968952,10.340028,-67.70999999999999</coordinates>
			</Point>
		</Placemark>
		<Placemark>
			<name>2947</name>
			<TimeStamp><when>2024-08-15T00:25:05Z</when>
</TimeStamp>
			<styleUrl>#waypoint</styleUrl>
			<Point>
				<coordinates>123.968899,10.340018,-67.70999999999999</coordinates>
			</Point>
		</Placemark>
		<Placemark>
			<name>2948</name>
			<TimeStamp><when>2024-08-15T00:25:15Z</when>
</TimeStamp>
			<styleUrl>#waypoint</styleUrl>
			<Point>
				<coordinates>123.96883,10.339966,-67.70999999999999</coordinates>
			</Point>
		</Placemark>
		<Placemark>
			<name>2949</name>
			<TimeStamp><when>2024-08-15T00:25:25Z</when>
</TimeStamp>
			<styleUrl>#waypoint</styleUrl>
			<Point>
				<coordinates>123.968763,10.339923,-67.70999999999999</coordinates>
			</Point>
		</Placemark>
		<Placemark>
			<name>2950</name>
			<TimeStamp><when>2024-08-15T00:25:34Z</when>
</TimeStamp>
			<styleUrl>#waypoint</styleUrl>
			<Point>
				<coordinates>123.9687,10.339888,-67.70999999999999</coordinates>
			</Point>
		</Placemark>
		<Placemark>
			<name>2951</name>
			<TimeStamp><when>2024-08-15T00:25:43Z</when>
</TimeStamp>
			<styleUrl>#waypoint</styleUrl>
			<Point>
				<coordinates>123.968654,10.339848,-67.70999999999999</coordinates>
			</Point>
		</Placemark>
		<Placemark>
			<name>2952</name>
			<TimeStamp><when>2024-08-15T00:25:50Z</when>
</TimeStamp>
			<styleUrl>#waypoint</styleUrl>
			<Point>
				<coordinates>123.968609,10.339825,-67.70999999999999</coordinates>
			</Point>
		</Placemark>
		<Placemark>
			<name>2953</name>
			<TimeStamp><when>2024-08-15T00:26:00Z</when>
</TimeStamp>
			<styleUrl>#waypoint</styleUrl>
			<Point>
				<coordinates>123.968546,10.339792,-67.70999999999999</coordinates>
			</Point>
		</Placemark>
		<Placemark>
			<name>2954</name>
			<TimeStamp><when>2024-08-15T00:27:33Z</when>
</TimeStamp>
			<styleUrl>#waypoint</styleUrl>
			<Point>
				<coordinates>123.968395,10.33952,-67.70999999999999</coordinates>
			</Point>
		</Placemark>
		<Placemark>
			<name>2955</name>
			<TimeStamp><when>2024-08-15T00:27:46Z</when>
</TimeStamp>
			<styleUrl>#waypoint</styleUrl>
			<Point>
				<coordinates>123.968394,10.339499,-67.70999999999999</coordinates>
			</Point>
		</Placemark>
		<Placemark>
			<name>2956</name>
			<TimeStamp><when>2024-08-15T00:27:55Z</when>
</TimeStamp>
			<styleUrl>#waypoint</styleUrl>
			<Point>
				<coordinates>123.96847,10.339505,-67.70999999999999</coordinates>
			</Point>
		</Placemark>
		<Placemark>
			<name>2957</name>
			<TimeStamp><when>2024-08-15T00:28:31Z</when>
</TimeStamp>
			<styleUrl>#waypoint</styleUrl>
			<Point>
				<coordinates>123.968525,10.339497,-67.70999999999999</coordinates>
			</Point>
		</Placemark>
		<Placemark>
			<name>2958</name>
			<TimeStamp><when>2024-08-15T00:28:37Z</when>
</TimeStamp>
			<styleUrl>#waypoint</styleUrl>
			<Point>
				<coordinates>123.968543,10.339494,-67.70999999999999</coordinates>
			</Point>
		</Placemark>
		<Placemark>
			<name>2959</name>
			<TimeStamp><when>2024-08-15T00:28:44Z</when>
</TimeStamp>
			<styleUrl>#waypoint</styleUrl>
			<Point>
				<coordinates>123.968592,10.339496,-67.70999999999999</coordinates>
			</Point>
		</Placemark>
		<Placemark>
			<name>2960</name>
			<TimeStamp><when>2024-08-15T00:28:51Z</when>
</TimeStamp>
			<styleUrl>#waypoint</styleUrl>
			<Point>
				<coordinates>123.968651,10.339489,-67.70999999999999</coordinates>
			</Point>
		</Placemark>
		<Placemark>
			<name>2961</name>
			<TimeStamp><when>2024-08-15T00:30:29Z</when>
</TimeStamp>
			<styleUrl>#waypoint</styleUrl>
			<Point>
				<coordinates>123.969154,10.339439,-67.70999999999999</coordinates>
			</Point>
		</Placemark>
		<Placemark>
			<name>2962</name>
			<TimeStamp><when>2024-08-15T00:31:02Z</when>
</TimeStamp>
			<styleUrl>#waypoint</styleUrl>
			<Point>
				<coordinates>123.969168,10.339451,-67.70999999999999</coordinates>
			</Point>
		</Placemark>
		<Placemark>
			<name>2963</name>
			<TimeStamp><when>2024-08-15T00:31:15Z</when>
</TimeStamp>
			<styleUrl>#waypoint</styleUrl>
			<Point>
				<coordinates>123.969174,10.339467,-67.70999999999999</coordinates>
			</Point>
		</Placemark>
		<Placemark>
			<name>2964</name>
			<TimeStamp><when>2024-08-15T00:31:43Z</when>
</TimeStamp>
			<styleUrl>#waypoint</styleUrl>
			<Point>
				<coordinates>123.969187,10.339534,-67.70999999999999</coordinates>
			</Point>
		</Placemark>
		<Placemark>
			<name>2965</name>
			<TimeStamp><when>2024-08-15T00:31:54Z</when>
</TimeStamp>
			<styleUrl>#waypoint</styleUrl>
			<Point>
				<coordinates>123.969187,10.339545,-67.70999999999999</coordinates>
			</Point>
		</Placemark>
		<Placemark>
			<name>2966</name>
			<TimeStamp><when>2024-08-15T00:32:01Z</when>
</TimeStamp>
			<styleUrl>#waypoint</styleUrl>
			<Point>
				<coordinates>123.969207,10.339573,-67.70999999999999</coordinates>
			</Point>
		</Placemark>
		<Placemark>
			<name>2967</name>
			<TimeStamp><when>2024-08-15T00:32:16Z</when>
</TimeStamp>
			<styleUrl>#waypoint</styleUrl>
			<Point>
				<coordinates>123.969225,10.339519,-67.70999999999999</coordinates>
			</Point>
		</Placemark>
		<Placemark>
			<name>2968</name>
			<TimeStamp><when>2024-08-15T00:32:20Z</when>
</TimeStamp>
			<styleUrl>#waypoint</styleUrl>
			<Point>
				<coordinates>123.969221,10.339477,-67.70999999999999</coordinates>
			</Point>
		</Placemark>
		<Placemark>
			<name>2969</name>
			<TimeStamp><when>2024-08-15T00:32:25Z</when>
</TimeStamp>
			<styleUrl>#waypoint</styleUrl>
			<Point>
				<coordinates>123.96922,10.339448,-67.70999999999999</coordinates>
			</Point>
		</Placemark>
		<Placemark>
			<name>2970</name>
			<TimeStamp><when>2024-08-15T00:32:35Z</when>
</TimeStamp>
			<styleUrl>#waypoint</styleUrl>
			<Point>
				<coordinates>123.969263,10.339409,-67.70999999999999</coordinates>
			</Point>
		</Placemark>
		<Placemark>
			<name>2971</name>
			<TimeStamp><when>2024-08-15T00:32:39Z</when>
</TimeStamp>
			<styleUrl>#waypoint</styleUrl>
			<Point>
				<coordinates>123.969268,10.339429,-67.70999999999999</coordinates>
			</Point>
		</Placemark>
		<Placemark>
			<name>2972</name>
			<TimeStamp><when>2024-08-15T00:32:44Z</when>
</TimeStamp>
			<styleUrl>#waypoint</styleUrl>
			<Point>
				<coordinates>123.969273,10.339449,-67.70999999999999</coordinates>
			</Point>
		</Placemark>
		<Placemark>
			<name>2973</name>
			<TimeStamp><when>2024-08-15T00:32:50Z</when>
</TimeStamp>
			<styleUrl>#waypoint</styleUrl>
			<Point>
				<coordinates>123.969277,10.339503,-67.70999999999999</coordinates>
			</Point>
		</Placemark>
		<Placemark>
			<name>2974</name>
			<TimeStamp><when>2024-08-15T00:32:55Z</when>
</TimeStamp>
			<styleUrl>#waypoint</styleUrl>
			<Point>
				<coordinates>123.969282,10.339538,-67.70999999999999</coordinates>
			</Point>
		</Placemark>
		<Placemark>
			<name>2975</name>
			<TimeStamp><when>2024-08-15T00:33:02Z</when>
</TimeStamp>
			<styleUrl>#waypoint</styleUrl>
			<Point>
				<coordinates>123.969304,10.339559,-67.70999999999999</coordinates>
			</Point>
		</Placemark>
		<Placemark>
			<name>2976</name>
			<TimeStamp><when>2024-08-15T00:33:08Z</when>
</TimeStamp>
			<styleUrl>#waypoint</styleUrl>
			<Point>
				<coordinates>123.969338,10.339544,-67.70999999999999</coordinates>
			</Point>
		</Placemark>
		<Placemark>
			<name>2977</name>
			<TimeStamp><when>2024-08-15T00:33:16Z</when>
</TimeStamp>
			<styleUrl>#waypoint</styleUrl>
			<Point>
				<coordinates>123.96933,10.339509,-67.70999999999999</coordinates>
			</Point>
		</Placemark>
		<Placemark>
			<name>2978</name>
			<TimeStamp><when>2024-08-15T00:33:24Z</when>
</TimeStamp>
			<styleUrl>#waypoint</styleUrl>
			<Point>
				<coordinates>123.969319,10.339452,-67.70999999999999</coordinates>
			</Point>
		</Placemark>
		<Placemark>
			<name>2979</name>
			<TimeStamp><when>2024-08-15T00:33:29Z</when>
</TimeStamp>
			<styleUrl>#waypoint</styleUrl>
			<Point>
				<coordinates>123.969314,10.339427,-67.70999999999999</coordinates>
			</Point>
		</Placemark>
		<Placemark>
			<name>2980</name>
			<TimeStamp><when>2024-08-15T00:33:43Z</when>
</TimeStamp>
			<styleUrl>#waypoint</styleUrl>
			<Point>
				<coordinates>123.969356,10.339457,-67.70999999999999</coordinates>
			</Point>
		</Placemark>
		<Placemark>
			<name>2981</name>
			<TimeStamp><when>2024-08-15T00:34:38Z</when>
</TimeStamp>
			<styleUrl>#waypoint</styleUrl>
			<Point>
				<coordinates>123.96938,10.33953,-67.70999999999999</coordinates>
			</Point>
		</Placemark>
		<Placemark>
			<name>2982</name>
			<TimeStamp><when>2024-08-15T00:34:46Z</when>
</TimeStamp>
			<styleUrl>#waypoint</styleUrl>
			<Point>
				<coordinates>123.969395,10.339521,-67.70999999999999</coordinates>
			</Point>
		</Placemark>
		<Placemark>
			<name>2983</name>
			<TimeStamp><when>2024-08-15T00:34:56Z</when>
</TimeStamp>
			<styleUrl>#waypoint</styleUrl>
			<Point>
				<coordinates>123.969411,10.339473,-67.70999999999999</coordinates>
			</Point>
		</Placemark>
		<Placemark>
			<name>2984</name>
			<TimeStamp><when>2024-08-15T00:35:10Z</when>
</TimeStamp>
			<styleUrl>#waypoint</styleUrl>
			<Point>
				<coordinates>123.969418,10.3394,-67.70999999999999</coordinates>
			</Point>
		</Placemark>
		<Placemark>
			<name>2985</name>
			<TimeStamp><when>2024-08-15T00:35:17Z</when>
</TimeStamp>
			<styleUrl>#waypoint</styleUrl>
			<Point>
				<coordinates>123.969428,10.339386,-67.70999999999999</coordinates>
			</Point>
		</Placemark>
		<Placemark>
			<name>2986</name>
			<TimeStamp><when>2024-08-15T00:35:24Z</when>
</TimeStamp>
			<styleUrl>#waypoint</styleUrl>
			<Point>
				<coordinates>123.969446,10.339423,-67.70999999999999</coordinates>
			</Point>
		</Placemark>
		<Placemark>
			<name>2987</name>
			<TimeStamp><when>2024-08-15T00:35:32Z</when>
</TimeStamp>
			<styleUrl>#waypoint</styleUrl>
			<Point>
				<coordinates>123.969466,10.339467,-67.70999999999999</coordinates>
			</Point>
		</Placemark>
		<Placemark>
			<name>2988</name>
			<TimeStamp><when>2024-08-15T00:36:16Z</when>
</TimeStamp>
			<styleUrl>#waypoint</styleUrl>
			<Point>
				<coordinates>123.969502,10.33955,-67.70999999999999</coordinates>
			</Point>
		</Placemark>
		<Placemark>
			<name>2989</name>
			<TimeStamp><when>2024-08-15T00:36:27Z</when>
</TimeStamp>
			<styleUrl>#waypoint</styleUrl>
			<Point>
				<coordinates>123.969451,10.339566,-67.70999999999999</coordinates>
			</Point>
		</Placemark>
		<Placemark>
			<name>2990</name>
			<TimeStamp><when>2024-08-15T00:36:36Z</when>
</TimeStamp>
			<styleUrl>#waypoint</styleUrl>
			<Point>
				<coordinates>123.969419,10.33959,-67.70999999999999</coordinates>
			</Point>
		</Placemark>
		<Placemark>
			<name>2991</name>
			<TimeStamp><when>2024-08-15T00:36:42Z</when>
</TimeStamp>
			<styleUrl>#waypoint</styleUrl>
			<Point>
				<coordinates>123.969386,10.339596,-67.70999999999999</coordinates>
			</Point>
		</Placemark>
		<Placemark>
			<name>2992</name>
			<TimeStamp><when>2024-08-15T00:36:48Z</when>
</TimeStamp>
			<styleUrl>#waypoint</styleUrl>
			<Point>
				<coordinates>123.96935,10.339598,-67.70999999999999</coordinates>
			</Point>
		</Placemark>
		<Placemark>
			<name>2993</name>
			<TimeStamp><when>2024-08-15T00:36:54Z</when>
</TimeStamp>
			<styleUrl>#waypoint</styleUrl>
			<Point>
				<coordinates>123.969304,10.339624,-67.70999999999999</coordinates>
			</Point>
		</Placemark>
		<Placemark>
			<name>2994</name>
			<TimeStamp><when>2024-08-15T00:37:01Z</when>
</TimeStamp>
			<styleUrl>#waypoint</styleUrl>
			<Point>
				<coordinates>123.96925,10.339641,-67.70999999999999</coordinates>
			</Point>
		</Placemark>
		<Placemark>
			<name>2995</name>
			<TimeStamp><when>2024-08-15T00:37:09Z</when>
</TimeStamp>
			<styleUrl>#waypoint</styleUrl>
			<Point>
				<coordinates>123.969215,10.339655,-67.70999999999999</coordinates>
			</Point>
		</Placemark>
		<Placemark>
			<name>2996</name>
			<TimeStamp><when>2024-08-15T00:37:16Z</when>
</TimeStamp>
			<styleUrl>#waypoint</styleUrl>
			<Point>
				<coordinates>123.969243,10.339681,-67.70999999999999</coordinates>
			</Point>
		</Placemark>
		<Placemark>
			<name>2997</name>
			<TimeStamp><when>2024-08-15T00:37:23Z</when>
</TimeStamp>
			<styleUrl>#waypoint</styleUrl>
			<Point>
				<coordinates>123.969276,10.339676,-67.70999999999999</coordinates>
			</Point>
		</Placemark>
		<Placemark>
			<name>2998</name>
			<TimeStamp><when>2024-08-15T00:37:30Z</when>
</TimeStamp>
			<styleUrl>#waypoint</styleUrl>
			<Point>
				<coordinates>123.96933,10.339655,-67.70999999999999</coordinates>
			</Point>
		</Placemark>
		<Placemark>
			<name>2999</name>
			<TimeStamp><when>2024-08-15T00:37:46Z</when>
</TimeStamp>
			<styleUrl>#waypoint</styleUrl>
			<Point>
				<coordinates>123.969407,10.339635,-67.70999999999999</coordinates>
			</Point>
		</Placemark>
		<Placemark>
			<name>3000</name>
			<TimeStamp><when>2024-08-15T00:38:01Z</when>
</TimeStamp>
			<styleUrl>#waypoint</styleUrl>
			<Point>
				<coordinates>123.969486,10.339614,-67.70999999999999</coordinates>
			</Point>
		</Placemark>
		<Placemark>
			<name>3001</name>
			<TimeStamp><when>2024-08-15T00:38:11Z</when>
</TimeStamp>
			<styleUrl>#waypoint</styleUrl>
			<Point>
				<coordinates>123.969443,10.339647,-67.70999999999999</coordinates>
			</Point>
		</Placemark>
		<Placemark>
			<name>3002</name>
			<TimeStamp><when>2024-08-15T00:38:19Z</when>
</TimeStamp>
			<styleUrl>#waypoint</styleUrl>
			<Point>
				<coordinates>123.96941,10.339663,-67.70999999999999</coordinates>
			</Point>
		</Placemark>
		<Placemark>
			<name>3003</name>
			<TimeStamp><when>2024-08-15T00:38:27Z</when>
</TimeStamp>
			<styleUrl>#waypoint</styleUrl>
			<Point>
				<coordinates>123.96937,10.339697,-67.70999999999999</coordinates>
			</Point>
		</Placemark>
		<Placemark>
			<name>3004</name>
			<TimeStamp><when>2024-08-15T00:38:35Z</when>
</TimeStamp>
			<styleUrl>#waypoint</styleUrl>
			<Point>
				<coordinates>123.969311,10.339705,-67.70999999999999</coordinates>
			</Point>
		</Placemark>
		<Placemark>
			<name>3005</name>
			<TimeStamp><when>2024-08-15T00:38:45Z</when>
</TimeStamp>
			<styleUrl>#waypoint</styleUrl>
			<Point>
				<coordinates>123.969275,10.339715,-67.70999999999999</coordinates>
			</Point>
		</Placemark>
		<Placemark>
			<name>3006</name>
			<TimeStamp><when>2024-08-15T00:39:06Z</when>
</TimeStamp>
			<styleUrl>#waypoint</styleUrl>
			<Point>
				<coordinates>123.969257,10.339747,-67.70999999999999</coordinates>
			</Point>
		</Placemark>
		<Placemark>
			<name>3007</name>
			<TimeStamp><when>2024-08-15T00:39:21Z</when>
</TimeStamp>
			<styleUrl>#waypoint</styleUrl>
			<Point>
				<coordinates>123.969322,10.339746,-67.70999999999999</coordinates>
			</Point>
		</Placemark>
		<Placemark>
			<name>3008</name>
			<TimeStamp><when>2024-08-15T00:39:28Z</when>
</TimeStamp>
			<styleUrl>#waypoint</styleUrl>
			<Point>
				<coordinates>123.969356,10.339719,-67.70999999999999</coordinates>
			</Point>
		</Placemark>
		<Placemark>
			<name>3009</name>
			<TimeStamp><when>2024-08-15T00:39:32Z</when>
</TimeStamp>
			<styleUrl>#waypoint</styleUrl>
			<Point>
				<coordinates>123.96939,10.339702,-67.70999999999999</coordinates>
			</Point>
		</Placemark>
		<Placemark>
			<name>3010</name>
			<TimeStamp><when>2024-08-15T00:39:39Z</when>
</TimeStamp>
			<styleUrl>#waypoint</styleUrl>
			<Point>
				<coordinates>123.969438,10.339682,-67.70999999999999</coordinates>
			</Point>
		</Placemark>
		<Placemark>
			<name>3011</name>
			<TimeStamp><when>2024-08-15T00:39:49Z</when>
</TimeStamp>
			<styleUrl>#waypoint</styleUrl>
			<Point>
				<coordinates>123.969532,10.339681,-67.70999999999999</coordinates>
			</Point>
		</Placemark>
		<Placemark>
			<name>3012</name>
			<TimeStamp><when>2024-08-15T00:39:54Z</when>
</TimeStamp>
			<styleUrl>#waypoint</styleUrl>
			<Point>
				<coordinates>123.969494,10.339697,-67.70999999999999</coordinates>
			</Point>
		</Placemark>
		<Placemark>
			<name>3013</name>
			<TimeStamp><when>2024-08-15T00:40:05Z</when>
</TimeStamp>
			<styleUrl>#waypoint</styleUrl>
			<Point>
				<coordinates>123.96945,10.339733,-67.70999999999999</coordinates>
			</Point>
		</Placemark>
		<Placemark>
			<name>3014</name>
			<TimeStamp><when>2024-08-15T00:40:12Z</when>
</TimeStamp>
			<styleUrl>#waypoint</styleUrl>
			<Point>
				<coordinates>123.969406,10.339748,-67.70999999999999</coordinates>
			</Point>
		</Placemark>
		<Placemark>
			<name>3015</name>
			<TimeStamp><when>2024-08-15T00:40:19Z</when>
</TimeStamp>
			<styleUrl>#waypoint</styleUrl>
			<Point>
				<coordinates>123.969359,10.339763,-67.70999999999999</coordinates>
			</Point>
		</Placemark>
		<Placemark>
			<name>3016</name>
			<TimeStamp><when>2024-08-15T00:40:32Z</when>
</TimeStamp>
			<styleUrl>#waypoint</styleUrl>
			<Point>
				<coordinates>123.96938,10.339793,-67.70999999999999</coordinates>
			</Point>
		</Placemark>
		<Placemark>
			<name>3017</name>
			<TimeStamp><when>2024-08-15T00:40:45Z</when>
</TimeStamp>
			<styleUrl>#waypoint</styleUrl>
			<Point>
				<coordinates>123.969498,10.339764,-67.70999999999999</coordinates>
			</Point>
		</Placemark>
		<Placemark>
			<name>3018</name>
			<TimeStamp><when>2024-08-15T00:40:49Z</when>
</TimeStamp>
			<styleUrl>#waypoint</styleUrl>
			<Point>
				<coordinates>123.969516,10.339763,-67.70999999999999</coordinates>
			</Point>
		</Placemark>
		<Placemark>
			<name>3019</name>
			<TimeStamp><when>2024-08-15T00:40:59Z</when>
</TimeStamp>
			<styleUrl>#waypoint</styleUrl>
			<Point>
				<coordinates>123.969462,10.339788,-67.70999999999999</coordinates>
			</Point>
		</Placemark>
		<Placemark>
			<name>3020</name>
			<TimeStamp><when>2024-08-15T00:41:06Z</when>
</TimeStamp>
			<styleUrl>#waypoint</styleUrl>
			<Point>
				<coordinates>123.969424,10.339807,-67.70999999999999</coordinates>
			</Point>
		</Placemark>
		<Placemark>
			<name>3021</name>
			<TimeStamp><when>2024-08-15T00:41:40Z</when>
</TimeStamp>
			<styleUrl>#waypoint</styleUrl>
			<Point>
				<coordinates>123.969425,10.339892,-67.70999999999999</coordinates>
			</Point>
		</Placemark>
		<Placemark>
			<name>3022</name>
			<TimeStamp><when>2024-08-15T00:41:47Z</when>
</TimeStamp>
			<styleUrl>#waypoint</styleUrl>
			<Point>
				<coordinates>123.969438,10.339879,-67.70999999999999</coordinates>
			</Point>
		</Placemark>
		<Placemark>
			<name>3023</name>
			<TimeStamp><when>2024-08-15T00:42:11Z</when>
</TimeStamp>
			<styleUrl>#waypoint</styleUrl>
			<Point>
				<coordinates>123.969504,10.339837,-67.70999999999999</coordinates>
			</Point>
		</Placemark>
		<Placemark>
			<name>3024</name>
			<TimeStamp><when>2024-08-15T00:42:39Z</when>
</TimeStamp>
			<styleUrl>#waypoint</styleUrl>
			<Point>
				<coordinates>123.969521,10.339833,-67.70999999999999</coordinates>
			</Point>
		</Placemark>
		<Placemark>
			<name>3025</name>
			<TimeStamp><when>2024-08-15T00:43:09Z</when>
</TimeStamp>
			<styleUrl>#waypoint</styleUrl>
			<Point>
				<coordinates>123.969562,10.339806,-67.70999999999999</coordinates>
			</Point>
		</Placemark>
		<Placemark>
			<name>3026</name>
			<TimeStamp><when>2024-08-15T00:43:26Z</when>
</TimeStamp>
			<styleUrl>#waypoint</styleUrl>
			<Point>
				<coordinates>123.969549,10.339832,-67.70999999999999</coordinates>
			</Point>
		</Placemark>
		<Placemark>
			<name>3027</name>
			<TimeStamp><when>2024-08-15T00:43:37Z</when>
</TimeStamp>
			<styleUrl>#waypoint</styleUrl>
			<Point>
				<coordinates>123.96949,10.339881,-67.70999999999999</coordinates>
			</Point>
		</Placemark>
		<Placemark>
			<name>3028</name>
			<TimeStamp><when>2024-08-15T00:43:44Z</when>
</TimeStamp>
			<styleUrl>#waypoint</styleUrl>
			<Point>
				<coordinates>123.969452,10.339903,-67.70999999999999</coordinates>
			</Point>
		</Placemark>
		<Placemark>
			<name>3029</name>
			<TimeStamp><when>2024-08-15T00:44:01Z</when>
</TimeStamp>
			<styleUrl>#waypoint</styleUrl>
			<Point>
				<coordinates>123.969418,10.33997,-67.70999999999999</coordinates>
			</Point>
		</Placemark>
		<Placemark>
			<name>3030</name>
			<TimeStamp><when>2024-08-15T00:44:06Z</when>
</TimeStamp>
			<styleUrl>#waypoint</styleUrl>
			<Point>
				<coordinates>123.969424,10.339969,-67.70999999999999</coordinates>
			</Point>
		</Placemark>
		<Placemark>
			<name>3031</name>
			<TimeStamp><when>2024-08-15T00:44:12Z</when>
</TimeStamp>
			<styleUrl>#waypoint</styleUrl>
			<Point>
				<coordinates>123.969464,10.33994,-67.70999999999999</coordinates>
			</Point>
		</Placemark>
		<Placemark>
			<name>3032</name>
			<TimeStamp><when>2024-08-15T00:44:19Z</when>
</TimeStamp>
			<styleUrl>#waypoint</styleUrl>
			<Point>
				<coordinates>123.969512,10.339909,-67.70999999999999</coordinates>
			</Point>
		</Placemark>
		<Placemark>
			<name>3033</name>
			<TimeStamp><when>2024-08-15T00:44:26Z</when>
</TimeStamp>
			<styleUrl>#waypoint</styleUrl>
			<Point>
				<coordinates>123.969551,10.339889,-67.70999999999999</coordinates>
			</Point>
		</Placemark>
		<Placemark>
			<name>3034</name>
			<TimeStamp><when>2024-08-15T00:44:32Z</when>
</TimeStamp>
			<styleUrl>#waypoint</styleUrl>
			<Point>
				<coordinates>123.969595,10.339862,-67.70999999999999</coordinates>
			</Point>
		</Placemark>
		<Placemark>
			<name>3035</name>
			<TimeStamp><when>2024-08-15T00:45:00Z</when>
</TimeStamp>
			<styleUrl>#waypoint</styleUrl>
			<Point>
				<coordinates>123.969547,10.339926,-67.70999999999999</coordinates>
			</Point>
		</Placemark>
		<Placemark>
			<name>3036</name>
			<TimeStamp><when>2024-08-15T00:45:06Z</when>
</TimeStamp>
			<styleUrl>#waypoint</styleUrl>
			<Point>
				<coordinates>123.969528,10.339941,-67.70999999999999</coordinates>
			</Point>
		</Placemark>
		<Placemark>
			<name>3037</name>
			<TimeStamp><when>2024-08-15T00:45:12Z</when>
</TimeStamp>
			<styleUrl>#waypoint</styleUrl>
			<Point>
				<coordinates>123.969491,10.339957,-67.70999999999999</coordinates>
			</Point>
		</Placemark>
		<Placemark>
			<name>3038</name>
			<TimeStamp><when>2024-08-15T00:45:22Z</when>
</TimeStamp>
			<styleUrl>#waypoint</styleUrl>
			<Point>
				<coordinates>123.969434,10.339991,-67.70999999999999</coordinates>
			</Point>
		</Placemark>
		<Placemark>
			<name>3039</name>
			<TimeStamp><when>2024-08-15T00:45:38Z</when>
</TimeStamp>
			<styleUrl>#waypoint</styleUrl>
			<Point>
				<coordinates>123.969418,10.340022,-67.70999999999999</coordinates>
			</Point>
		</Placemark>
		<Placemark>
			<name>3040</name>
			<TimeStamp><when>2024-08-15T00:45:44Z</when>
</TimeStamp>
			<styleUrl>#waypoint</styleUrl>
			<Point>
				<coordinates>123.969444,10.340034,-67.70999999999999</coordinates>
			</Point>
		</Placemark>
		<Placemark>
			<name>3041</name>
			<TimeStamp><when>2024-08-15T00:45:49Z</when>
</TimeStamp>
			<styleUrl>#waypoint</styleUrl>
			<Point>
				<coordinates>123.969474,10.34002,-67.70999999999999</coordinates>
			</Point>
		</Placemark>
		<Placemark>
			<name>3042</name>
			<TimeStamp><when>2024-08-15T00:45:56Z</when>
</TimeStamp>
			<styleUrl>#waypoint</styleUrl>
			<Point>
				<coordinates>123.969509,10.339998,-67.70999999999999</coordinates>
			</Point>
		</Placemark>
		<Placemark>
			<name>3043</name>
			<TimeStamp><when>2024-08-15T00:46:05Z</when>
</TimeStamp>
			<styleUrl>#waypoint</styleUrl>
			<Point>
				<coordinates>123.969547,10.339967,-67.70999999999999</coordinates>
			</Point>
		</Placemark>
		<Placemark>
			<name>3044</name>
			<TimeStamp><when>2024-08-15T00:46:11Z</when>
</TimeStamp>
			<styleUrl>#waypoint</styleUrl>
			<Point>
				<coordinates>123.969588,10.339943,-67.70999999999999</coordinates>
			</Point>
		</Placemark>
		<Placemark>
			<name>3045</name>
			<TimeStamp><when>2024-08-15T00:46:20Z</when>
</TimeStamp>
			<styleUrl>#waypoint</styleUrl>
			<Point>
				<coordinates>123.969645,10.339906,-67.70999999999999</coordinates>
			</Point>
		</Placemark>
		<Placemark>
			<name>3046</name>
			<TimeStamp><when>2024-08-15T00:46:35Z</when>
</TimeStamp>
			<styleUrl>#waypoint</styleUrl>
			<Point>
				<coordinates>123.969613,10.339964,-67.70999999999999</coordinates>
			</Point>
		</Placemark>
		<Placemark>
			<name>3047</name>
			<TimeStamp><when>2024-08-15T00:46:54Z</when>
</TimeStamp>
			<styleUrl>#waypoint</styleUrl>
			<Point>
				<coordinates>123.969556,10.340005,-67.70999999999999</coordinates>
			</Point>
		</Placemark>
		<Placemark>
			<name>3048</name>
			<TimeStamp><when>2024-08-15T00:47:01Z</when>
</TimeStamp>
			<styleUrl>#waypoint</styleUrl>
			<Point>
				<coordinates>123.969528,10.340014,-67.70999999999999</coordinates>
			</Point>
		</Placemark>
		<Placemark>
			<name>3049</name>
			<TimeStamp><when>2024-08-15T00:47:08Z</when>
</TimeStamp>
			<styleUrl>#waypoint</styleUrl>
			<Point>
				<coordinates>123.969493,10.340044,-67.70999999999999</coordinates>
			</Point>
		</Placemark>
		<Placemark>
			<name>3050</name>
			<TimeStamp><when>2024-08-15T00:47:18Z</when>
</TimeStamp>
			<styleUrl>#waypoint</styleUrl>
			<Point>
				<coordinates>123.969462,10.340074,-67.70999999999999</coordinates>
			</Point>
		</Placemark>
		<Placemark>
			<name>3051</name>
			<TimeStamp><when>2024-08-15T00:47:25Z</when>
</TimeStamp>
			<styleUrl>#waypoint</styleUrl>
			<Point>
				<coordinates>123.969482,10.340101,-67.70999999999999</coordinates>
			</Point>
		</Placemark>
		<Placemark>
			<name>3052</name>
			<TimeStamp><when>2024-08-15T00:47:31Z</when>
</TimeStamp>
			<styleUrl>#waypoint</styleUrl>
			<Point>
				<coordinates>123.969518,10.340087,-67.70999999999999</coordinates>
			</Point>
		</Placemark>
		<Placemark>
			<name>3053</name>
			<TimeStamp><when>2024-08-15T00:47:45Z</when>
</TimeStamp>
			<styleUrl>#waypoint</styleUrl>
			<Point>
				<coordinates>123.969577,10.340048,-67.70999999999999</coordinates>
			</Point>
		</Placemark>
		<Placemark>
			<name>3054</name>
			<TimeStamp><when>2024-08-15T00:47:51Z</when>
</TimeStamp>
			<styleUrl>#waypoint</styleUrl>
			<Point>
				<coordinates>123.969594,10.340024,-67.70999999999999</coordinates>
			</Point>
		</Placemark>
		<Placemark>
			<name>3055</name>
			<TimeStamp><when>2024-08-15T00:47:58Z</when>
</TimeStamp>
			<styleUrl>#waypoint</styleUrl>
			<Point>
				<coordinates>123.969654,10.339981,-67.70999999999999</coordinates>
			</Point>
		</Placemark>
		<Placemark>
			<name>3056</name>
			<TimeStamp><when>2024-08-15T00:48:04Z</when>
</TimeStamp>
			<styleUrl>#waypoint</styleUrl>
			<Point>
				<coordinates>123.969685,10.33996,-67.70999999999999</coordinates>
			</Point>
		</Placemark>
		<Placemark>
			<name>3057</name>
			<TimeStamp><when>2024-08-15T00:48:39Z</when>
</TimeStamp>
			<styleUrl>#waypoint</styleUrl>
			<Point>
				<coordinates>123.9697,10.34,-67.70999999999999</coordinates>
			</Point>
		</Placemark>
		<Placemark>
			<name>3058</name>
			<TimeStamp><when>2024-08-15T00:48:56Z</when>
</TimeStamp>
			<styleUrl>#waypoint</styleUrl>
			<Point>
				<coordinates>123.969712,10.340006,-67.70999999999999</coordinates>
			</Point>
		</Placemark>
		<Placemark>
			<name>3059</name>
			<TimeStamp><when>2024-08-15T00:49:07Z</when>
</TimeStamp>
			<styleUrl>#waypoint</styleUrl>
			<Point>
				<coordinates>123.969654,10.340059,-67.70999999999999</coordinates>
			</Point>
		</Placemark>
		<Placemark>
			<name>3060</name>
			<TimeStamp><when>2024-08-15T00:49:12Z</when>
</TimeStamp>
			<styleUrl>#waypoint</styleUrl>
			<Point>
				<coordinates>123.96963,10.340073,-67.70999999999999</coordinates>
			</Point>
		</Placemark>
		<Placemark>
			<name>3061</name>
			<TimeStamp><when>2024-08-15T00:49:19Z</when>
</TimeStamp>
			<styleUrl>#waypoint</styleUrl>
			<Point>
				<coordinates>123.969579,10.340116,-67.70999999999999</coordinates>
			</Point>
		</Placemark>
		<Placemark>
			<name>3062</name>
			<TimeStamp><when>2024-08-15T00:49:31Z</when>
</TimeStamp>
			<styleUrl>#waypoint</styleUrl>
			<Point>
				<coordinates>123.969567,10.34017,-67.70999999999999</coordinates>
			</Point>
		</Placemark>
		<Placemark>
			<name>3063</name>
			<TimeStamp><when>2024-08-15T00:49:40Z</when>
</TimeStamp>
			<styleUrl>#waypoint</styleUrl>
			<Point>
				<coordinates>123.969599,10.340145,-67.70999999999999</coordinates>
			</Point>
		</Placemark>
		<Placemark>
			<name>3064</name>
			<TimeStamp><when>2024-08-15T00:49:48Z</when>
</TimeStamp>
			<styleUrl>#waypoint</styleUrl>
			<Point>
				<coordinates>123.969628,10.340114,-67.70999999999999</coordinates>
			</Point>
		</Placemark>
		<Placemark>
			<name>3065</name>
			<TimeStamp><when>2024-08-15T00:50:05Z</when>
</TimeStamp>
			<styleUrl>#waypoint</styleUrl>
			<Point>
				<coordinates>123.969646,10.340097,-67.70999999999999</coordinates>
			</Point>
		</Placemark>
		<Placemark>
			<name>3066</name>
			<TimeStamp><when>2024-08-15T00:51:48Z</when>
</TimeStamp>
			<styleUrl>#waypoint</styleUrl>
			<Point>
				<coordinates>123.969745,10.340024,-67.70999999999999</coordinates>
			</Point>
		</Placemark>
		<Placemark>
			<name>3067</name>
			<TimeStamp><when>2024-08-15T00:52:00Z</when>
</TimeStamp>
			<styleUrl>#waypoint</styleUrl>
			<Point>
				<coordinates>123.969753,10.340041,-67.70999999999999</coordinates>
			</Point>
		</Placemark>
		<Placemark>
			<name>3068</name>
			<TimeStamp><when>2024-08-15T00:52:09Z</when>
</TimeStamp>
			<styleUrl>#waypoint</styleUrl>
			<Point>
				<coordinates>123.969718,10.340073,-67.70999999999999</coordinates>
			</Point>
		</Placemark>
		<Placemark>
			<name>3069</name>
			<TimeStamp><when>2024-08-15T00:52:19Z</when>
</TimeStamp>
			<styleUrl>#waypoint</styleUrl>
			<Point>
				<coordinates>123.969688,10.340108,-67.70999999999999</coordinates>
			</Point>
		</Placemark>
		<Placemark>
			<name>3070</name>
			<TimeStamp><when>2024-08-15T00:52:27Z</when>
</TimeStamp>
			<styleUrl>#waypoint</styleUrl>
			<Point>
				<coordinates>123.969668,10.34013,-67.70999999999999</coordinates>
			</Point>
		</Placemark>
		<Placemark>
			<name>3071</name>
			<TimeStamp><when>2024-08-15T00:52:34Z</when>
</TimeStamp>
			<styleUrl>#waypoint</styleUrl>
			<Point>
				<coordinates>123.969638,10.340158,-67.70999999999999</coordinates>
			</Point>
		</Placemark>
		<Placemark>
			<name>3072</name>
			<TimeStamp><when>2024-08-15T00:53:14Z</when>
</TimeStamp>
			<styleUrl>#waypoint</styleUrl>
			<Point>
				<coordinates>123.969611,10.340201,-67.70999999999999</coordinates>
			</Point>
		</Placemark>
		<Placemark>
			<name>3073</name>
			<TimeStamp><when>2024-08-15T00:54:24Z</when>
</TimeStamp>
			<styleUrl>#waypoint</styleUrl>
			<Point>
				<coordinates>123.969615,10.340223,-67.70999999999999</coordinates>
			</Point>
		</Placemark>
		<Placemark>
			<name>3074</name>
			<TimeStamp><when>2024-08-15T00:54:58Z</when>
</TimeStamp>
			<styleUrl>#waypoint</styleUrl>
			<Point>
				<coordinates>123.969695,10.340156,-67.70999999999999</coordinates>
			</Point>
		</Placemark>
		<Placemark>
			<name>3075</name>
			<TimeStamp><when>2024-08-15T00:55:20Z</when>
</TimeStamp>
			<styleUrl>#waypoint</styleUrl>
			<Point>
				<coordinates>123.969826,10.34007,-67.70999999999999</coordinates>
			</Point>
		</Placemark>
		<Placemark>
			<name>3076</name>
			<TimeStamp><when>2024-08-15T00:55:28Z</when>
</TimeStamp>
			<styleUrl>#waypoint</styleUrl>
			<Point>
				<coordinates>123.969798,10.3401,-67.70999999999999</coordinates>
			</Point>
		</Placemark>
		<Placemark>
			<name>3077</name>
			<TimeStamp><when>2024-08-15T00:55:42Z</when>
</TimeStamp>
			<styleUrl>#waypoint</styleUrl>
			<Point>
				<coordinates>123.969752,10.340148,-67.70999999999999</coordinates>
			</Point>
		</Placemark>
		<Placemark>
			<name>3078</name>
			<TimeStamp><when>2024-08-15T00:55:57Z</when>
</TimeStamp>
			<styleUrl>#waypoint</styleUrl>
			<Point>
				<coordinates>123.969717,10.340178,-67.70999999999999</coordinates>
			</Point>
		</Placemark>
		<Placemark>
			<name>3079</name>
			<TimeStamp><when>2024-08-15T00:56:12Z</when>
</TimeStamp>
			<styleUrl>#waypoint</styleUrl>
			<Point>
				<coordinates>123.969667,10.340233,-67.70999999999999</coordinates>
			</Point>
		</Placemark>
		<Placemark>
			<name>3080</name>
			<TimeStamp><when>2024-08-15T00:56:23Z</when>
</TimeStamp>
			<styleUrl>#waypoint</styleUrl>
			<Point>
				<coordinates>123.96966,10.340242,-67.70999999999999</coordinates>
			</Point>
		</Placemark>
		<Placemark>
			<name>3081</name>
			<TimeStamp><when>2024-08-15T01:18:45Z</when>
</TimeStamp>
			<styleUrl>#waypoint</styleUrl>
			<Point>
				<coordinates>123.96924,10.340342,-67.70999999999999</coordinates>
			</Point>
		</Placemark>
		<Placemark>
			<name>3082</name>
			<TimeStamp><when>2024-08-15T01:19:07Z</when>
</TimeStamp>
			<styleUrl>#waypoint</styleUrl>
			<Point>
				<coordinates>123.969371,10.340291,-67.70999999999999</coordinates>
			</Point>
		</Placemark>
		<Placemark>
			<name>3083</name>
			<TimeStamp><when>2024-08-15T01:19:24Z</when>
</TimeStamp>
			<styleUrl>#waypoint</styleUrl>
			<Point>
				<coordinates>123.969449,10.340251,-67.70999999999999</coordinates>
			</Point>
		</Placemark>
		<Placemark>
			<name>3084</name>
			<TimeStamp><when>2024-08-15T01:19:32Z</when>
</TimeStamp>
			<styleUrl>#waypoint</styleUrl>
			<Point>
				<coordinates>123.969474,10.340244,-67.70999999999999</coordinates>
			</Point>
		</Placemark>
		<Placemark>
			<name>3085</name>
			<TimeStamp><when>2024-08-15T01:19:46Z</when>
</TimeStamp>
			<styleUrl>#waypoint</styleUrl>
			<Point>
				<coordinates>123.969447,10.340207,-67.70999999999999</coordinates>
			</Point>
		</Placemark>
		<Placemark>
			<name>3086</name>
			<TimeStamp><when>2024-08-15T01:19:51Z</when>
</TimeStamp>
			<styleUrl>#waypoint</styleUrl>
			<Point>
				<coordinates>123.969447,10.340204,-67.70999999999999</coordinates>
			</Point>
		</Placemark>
		<Placemark>
			<name>3087</name>
			<TimeStamp><when>2024-08-15T01:20:12Z</when>
</TimeStamp>
			<styleUrl>#waypoint</styleUrl>
			<Point>
				<coordinates>123.969397,10.340183,-67.70999999999999</coordinates>
			</Point>
		</Placemark>
		<Placemark>
			<name>3088</name>
			<TimeStamp><when>2024-08-15T01:20:22Z</when>
</TimeStamp>
			<styleUrl>#waypoint</styleUrl>
			<Point>
				<coordinates>123.969359,10.340208,-67.70999999999999</coordinates>
			</Point>
		</Placemark>
		<Placemark>
			<name>3089</name>
			<TimeStamp><when>2024-08-15T01:20:30Z</when>
</TimeStamp>
			<styleUrl>#waypoint</styleUrl>
			<Point>
				<coordinates>123.969339,10.340203,-67.70999999999999</coordinates>
			</Point>
		</Placemark>
		<Placemark>
			<name>3090</name>
			<TimeStamp><when>2024-08-15T01:20:37Z</when>
</TimeStamp>
			<styleUrl>#waypoint</styleUrl>
			<Point>
				<coordinates>123.969342,10.340169,-67.70999999999999</coordinates>
			</Point>
		</Placemark>
		<Placemark>
			<name>3091</name>
			<TimeStamp><when>2024-08-15T01:20:45Z</when>
</TimeStamp>
			<styleUrl>#waypoint</styleUrl>
			<Point>
				<coordinates>123.969367,10.340148,-67.70999999999999</coordinates>
			</Point>
		</Placemark>
		<Placemark>
			<name>3092</name>
			<TimeStamp><when>2024-08-15T01:20:53Z</when>
</TimeStamp>
			<styleUrl>#waypoint</styleUrl>
			<Point>
				<coordinates>123.969378,10.340107,-67.70999999999999</coordinates>
			</Point>
		</Placemark>
		<Placemark>
			<name>3093</name>
			<TimeStamp><when>2024-08-15T01:20:58Z</when>
</TimeStamp>
			<styleUrl>#waypoint</styleUrl>
			<Point>
				<coordinates>123.969367,10.340098,-67.70999999999999</coordinates>
			</Point>
		</Placemark>
		<Placemark>
			<name>3094</name>
			<TimeStamp><when>2024-08-15T01:21:24Z</when>
</TimeStamp>
			<styleUrl>#waypoint</styleUrl>
			<Point>
				<coordinates>123.969339,10.340133,-67.70999999999999</coordinates>
			</Point>
		</Placemark>
		<Placemark>
			<name>3095</name>
			<TimeStamp><when>2024-08-15T01:21:43Z</when>
</TimeStamp>
			<styleUrl>#waypoint</styleUrl>
			<Point>
				<coordinates>123.96927,10.340181,-67.70999999999999</coordinates>
			</Point>
		</Placemark>
		<Placemark>
			<name>3096</name>
			<TimeStamp><when>2024-08-15T01:21:53Z</when>
</TimeStamp>
			<styleUrl>#waypoint</styleUrl>
			<Point>
				<coordinates>123.969259,10.340196,-67.70999999999999</coordinates>
			</Point>
		</Placemark>
		<Placemark>
			<name>3097</name>
			<TimeStamp><when>2024-08-15T01:22:04Z</when>
</TimeStamp>
			<styleUrl>#waypoint</styleUrl>
			<Point>
				<coordinates>123.969242,10.340225,-67.70999999999999</coordinates>
			</Point>
		</Placemark>
		<Placemark>
			<name>3098</name>
			<TimeStamp><when>2024-08-15T01:22:19Z</when>
</TimeStamp>
			<styleUrl>#waypoint</styleUrl>
			<Point>
				<coordinates>123.969217,10.340227,-67.70999999999999</coordinates>
			</Point>
		</Placemark>
		<Placemark>
			<name>3099</name>
			<TimeStamp><when>2024-08-15T01:22:37Z</when>
</TimeStamp>
			<styleUrl>#waypoint</styleUrl>
			<Point>
				<coordinates>123.96916,10.340192,-67.70999999999999</coordinates>
			</Point>
		</Placemark>
		<Placemark>
			<name>3100</name>
			<TimeStamp><when>2024-08-15T01:22:47Z</when>
</TimeStamp>
			<styleUrl>#waypoint</styleUrl>
			<Point>
				<coordinates>123.969158,10.340185,-67.70999999999999</coordinates>
			</Point>
		</Placemark>
		<Placemark>
			<name>3101</name>
			<TimeStamp><when>2024-08-15T01:23:03Z</when>
</TimeStamp>
			<styleUrl>#waypoint</styleUrl>
			<Point>
				<coordinates>123.969183,10.340175,-67.70999999999999</coordinates>
			</Point>
		</Placemark>
		<Placemark>
			<name>3102</name>
			<TimeStamp><when>2024-08-15T01:23:40Z</when>
</TimeStamp>
			<styleUrl>#waypoint</styleUrl>
			<Point>
				<coordinates>123.969235,10.340136,-67.70999999999999</coordinates>
			</Point>
		</Placemark>
		<Placemark>
			<name>3103</name>
			<TimeStamp><when>2024-08-15T01:23:58Z</when>
</TimeStamp>
			<styleUrl>#waypoint</styleUrl>
			<Point>
				<coordinates>123.969297,10.340091,-67.70999999999999</coordinates>
			</Point>
		</Placemark>
		<Placemark>
			<name>3104</name>
			<TimeStamp><when>2024-08-15T01:24:04Z</when>
</TimeStamp>
			<styleUrl>#waypoint</styleUrl>
			<Point>
				<coordinates>123.969316,10.340087,-67.70999999999999</coordinates>
			</Point>
		</Placemark>
		<Placemark>
			<name>3105</name>
			<TimeStamp><when>2024-08-15T01:24:13Z</when>
</TimeStamp>
			<styleUrl>#waypoint</styleUrl>
			<Point>
				<coordinates>123.969338,10.340053,-67.70999999999999</coordinates>
			</Point>
		</Placemark>
		<Placemark>
			<name>3106</name>
			<TimeStamp><when>2024-08-15T01:25:33Z</when>
</TimeStamp>
			<styleUrl>#waypoint</styleUrl>
			<Point>
				<coordinates>123.969304,10.340063,-62.73999999999999</coordinates>
			</Point>
		</Placemark>
		<Placemark>
			<name>3107</name>
			<TimeStamp><when>2024-08-15T01:26:03Z</when>
</TimeStamp>
			<styleUrl>#waypoint</styleUrl>
			<Point>
				<coordinates>123.969269,10.340061,-62.73999999999999</coordinates>
			</Point>
		</Placemark>
		<Placemark>
			<name>3108</name>
			<TimeStamp><when>2024-08-15T01:26:14Z</when>
</TimeStamp>
			<styleUrl>#waypoint</styleUrl>
			<Point>
				<coordinates>123.969246,10.340083,-62.73999999999999</coordinates>
			</Point>
		</Placemark>
		<Placemark>
			<name>3109</name>
			<TimeStamp><when>2024-08-15T01:26:38Z</when>
</TimeStamp>
			<styleUrl>#waypoint</styleUrl>
			<Point>
				<coordinates>123.969171,10.340137,-62.73999999999999</coordinates>
			</Point>
		</Placemark>
		<Placemark>
			<name>3110</name>
			<TimeStamp><when>2024-08-15T01:26:50Z</when>
</TimeStamp>
			<styleUrl>#waypoint</styleUrl>
			<Point>
				<coordinates>123.969148,10.340142,-62.73999999999999</coordinates>
			</Point>
		</Placemark>
		<Placemark>
			<name>3111</name>
			<TimeStamp><when>2024-08-15T01:27:07Z</when>
</TimeStamp>
			<styleUrl>#waypoint</styleUrl>
			<Point>
				<coordinates>123.969086,10.340137,-62.73999999999999</coordinates>
			</Point>
		</Placemark>
		<Placemark>
			<name>3112</name>
			<TimeStamp><when>2024-08-15T01:27:25Z</when>
</TimeStamp>
			<styleUrl>#waypoint</styleUrl>
			<Point>
				<coordinates>123.969053,10.340104,-62.73999999999999</coordinates>
			</Point>
		</Placemark>
		<Placemark>
			<name>3113</name>
			<TimeStamp><when>2024-08-15T01:27:30Z</when>
</TimeStamp>
			<styleUrl>#waypoint</styleUrl>
			<Point>
				<coordinates>123.96904,10.340097,-62.73999999999999</coordinates>
			</Point>
		</Placemark>
		<Placemark>
			<name>3114</name>
			<TimeStamp><when>2024-08-15T01:27:46Z</when>
</TimeStamp>
			<styleUrl>#waypoint</styleUrl>
			<Point>
				<coordinates>123.969128,10.340092,-62.73999999999999</coordinates>
			</Point>
		</Placemark>
		<Placemark>
			<name>3115</name>
			<TimeStamp><when>2024-08-15T01:27:56Z</when>
</TimeStamp>
			<styleUrl>#waypoint</styleUrl>
			<Point>
				<coordinates>123.969162,10.340081,-62.73999999999999</coordinates>
			</Point>
		</Placemark>
		<Placemark>
			<name>3116</name>
			<TimeStamp><when>2024-08-15T01:28:07Z</when>
</TimeStamp>
			<styleUrl>#waypoint</styleUrl>
			<Point>
				<coordinates>123.969157,10.340064,-62.73999999999999</coordinates>
			</Point>
		</Placemark>
		<Placemark>
			<name>3117</name>
			<TimeStamp><when>2024-08-15T01:28:20Z</when>
</TimeStamp>
			<styleUrl>#waypoint</styleUrl>
			<Point>
				<coordinates>123.969182,10.340029,-62.73999999999999</coordinates>
			</Point>
		</Placemark>
		<Placemark>
			<name>3118</name>
			<TimeStamp><when>2024-08-15T01:28:28Z</when>
</TimeStamp>
			<styleUrl>#waypoint</styleUrl>
			<Point>
				<coordinates>123.969201,10.34002,-62.73999999999999</coordinates>
			</Point>
		</Placemark>
		<Placemark>
			<name>3119</name>
			<TimeStamp><when>2024-08-15T01:28:37Z</when>
</TimeStamp>
			<styleUrl>#waypoint</styleUrl>
			<Point>
				<coordinates>123.969233,10.340039,-62.73999999999999</coordinates>
			</Point>
		</Placemark>
		<Placemark>
			<name>3120</name>
			<TimeStamp><when>2024-08-15T01:28:51Z</when>
</TimeStamp>
			<styleUrl>#waypoint</styleUrl>
			<Point>
				<coordinates>123.969292,10.340034,-62.73999999999999</coordinates>
			</Point>
		</Placemark>
		<Placemark>
			<name>3121</name>
			<TimeStamp><when>2024-08-15T01:30:12Z</when>
</TimeStamp>
			<styleUrl>#waypoint</styleUrl>
			<Point>
				<coordinates>123.969581,10.340308,-62.73999999999999</coordinates>
			</Point>
		</Placemark>
		<Placemark>
			<name>3122</name>
			<TimeStamp><when>2024-08-15T01:30:29Z</when>
</TimeStamp>
			<styleUrl>#waypoint</styleUrl>
			<Point>
				<coordinates>123.969567,10.340337,-62.73999999999999</coordinates>
			</Point>
		</Placemark>
		<Placemark>
			<name>3123</name>
			<TimeStamp><when>2024-08-15T01:30:36Z</when>
</TimeStamp>
			<styleUrl>#waypoint</styleUrl>
			<Point>
				<coordinates>123.969536,10.34033,-62.73999999999999</coordinates>
			</Point>
		</Placemark>
		<Placemark>
			<name>3124</name>
			<TimeStamp><when>2024-08-15T01:30:41Z</when>
</TimeStamp>
			<styleUrl>#waypoint</styleUrl>
			<Point>
				<coordinates>123.969508,10.340354,-62.73999999999999</coordinates>
			</Point>
		</Placemark>
		<Placemark>
			<name>3125</name>
			<TimeStamp><when>2024-08-15T01:30:52Z</when>
</TimeStamp>
			<styleUrl>#waypoint</styleUrl>
			<Point>
				<coordinates>123.96943,10.340395,-62.73999999999999</coordinates>
			</Point>
		</Placemark>
		<Placemark>
			<name>3126</name>
			<TimeStamp><when>2024-08-15T01:31:07Z</when>
</TimeStamp>
			<styleUrl>#waypoint</styleUrl>
			<Point>
				<coordinates>123.969388,10.340424,-62.73999999999999</coordinates>
			</Point>
		</Placemark>
		<Placemark>
			<name>3127</name>
			<TimeStamp><when>2024-08-15T01:31:11Z</when>
</TimeStamp>
			<styleUrl>#waypoint</styleUrl>
			<Point>
				<coordinates>123.969391,10.340423,-62.73999999999999</coordinates>
			</Point>
		</Placemark>
		<Placemark>
			<name>3128</name>
			<TimeStamp><when>2024-08-15T01:31:25Z</when>
</TimeStamp>
			<styleUrl>#waypoint</styleUrl>
			<Point>
				<coordinates>123.969443,10.340451,-62.73999999999999</coordinates>
			</Point>
		</Placemark>
		<Placemark>
			<name>3129</name>
			<TimeStamp><when>2024-08-15T01:31:33Z</when>
</TimeStamp>
			<styleUrl>#waypoint</styleUrl>
			<Point>
				<coordinates>123.969482,10.340477,-62.73999999999999</coordinates>
			</Point>
		</Placemark>
		<Placemark>
			<name>3130</name>
			<TimeStamp><when>2024-08-15T01:31:42Z</when>
</TimeStamp>
			<styleUrl>#waypoint</styleUrl>
			<Point>
				<coordinates>123.969508,10.340507,-62.73999999999999</coordinates>
			</Point>
		</Placemark>
		<Placemark>
			<name>3131</name>
			<TimeStamp><when>2024-08-15T01:31:50Z</when>
</TimeStamp>
			<styleUrl>#waypoint</styleUrl>
			<Point>
				<coordinates>123.969542,10.340501,-62.73999999999999</coordinates>
			</Point>
		</Placemark>
		<Placemark>
			<name>3132</name>
			<TimeStamp><when>2024-08-15T01:31:55Z</when>
</TimeStamp>
			<styleUrl>#waypoint</styleUrl>
			<Point>
				<coordinates>123.969569,10.340491,-62.73999999999999</coordinates>
			</Point>
		</Placemark>
		<Placemark>
			<name>3133</name>
			<TimeStamp><when>2024-08-15T01:32:05Z</when>
</TimeStamp>
			<styleUrl>#waypoint</styleUrl>
			<Point>
				<coordinates>123.969613,10.340443,-62.73999999999999</coordinates>
			</Point>
		</Placemark>
		<Placemark>
			<name>3134</name>
			<TimeStamp><when>2024-08-15T01:32:13Z</when>
</TimeStamp>
			<styleUrl>#waypoint</styleUrl>
			<Point>
				<coordinates>123.969634,10.340395,-62.73999999999999</coordinates>
			</Point>
		</Placemark>
		<Placemark>
			<name>3135</name>
			<TimeStamp><when>2024-08-15T01:32:49Z</when>
</TimeStamp>
			<styleUrl>#waypoint</styleUrl>
			<Point>
				<coordinates>123.969648,10.340359,-62.73999999999999</coordinates>
			</Point>
		</Placemark>
		<Placemark>
			<name>3136</name>
			<TimeStamp><when>2024-08-15T01:33:10Z</when>
</TimeStamp>
			<styleUrl>#waypoint</styleUrl>
			<Point>
				<coordinates>123.969657,10.340355,-62.73999999999999</coordinates>
			</Point>
		</Placemark>
		<Placemark>
			<name>3137</name>
			<TimeStamp><when>2024-08-15T01:33:20Z</when>
</TimeStamp>
			<styleUrl>#waypoint</styleUrl>
			<Point>
				<coordinates>123.969681,10.340399,-62.73999999999999</coordinates>
			</Point>
		</Placemark>
		<Placemark>
			<name>3138</name>
			<TimeStamp><when>2024-08-15T01:33:32Z</when>
</TimeStamp>
			<styleUrl>#waypoint</styleUrl>
			<Point>
				<coordinates>123.969667,10.340438,-62.73999999999999</coordinates>
			</Point>
		</Placemark>
		<Placemark>
			<name>3139</name>
			<TimeStamp><when>2024-08-15T01:33:39Z</when>
</TimeStamp>
			<styleUrl>#waypoint</styleUrl>
			<Point>
				<coordinates>123.969642,10.340454,-62.73999999999999</coordinates>
			</Point>
		</Placemark>
		<Placemark>
			<name>3140</name>
			<TimeStamp><when>2024-08-15T01:33:45Z</when>
</TimeStamp>
			<styleUrl>#waypoint</styleUrl>
			<Point>
				<coordinates>123.969625,10.340448,-62.73999999999999</coordinates>
			</Point>
		</Placemark>
		<Placemark>
			<name>3141</name>
			<TimeStamp><when>2024-08-15T01:34:55Z</when>
</TimeStamp>
			<styleUrl>#waypoint</styleUrl>
			<Point>
				<coordinates>123.969672,10.340538,-62.73999999999999</coordinates>
			</Point>
		</Placemark>
		<Placemark>
			<name>3142</name>
			<TimeStamp><when>2024-08-15T01:35:04Z</when>
</TimeStamp>
			<styleUrl>#waypoint</styleUrl>
			<Point>
				<coordinates>123.969694,10.340509,-62.73999999999999</coordinates>
			</Point>
		</Placemark>
		<Placemark>
			<name>3143</name>
			<TimeStamp><when>2024-08-15T01:35:10Z</when>
</TimeStamp>
			<styleUrl>#waypoint</styleUrl>
			<Point>
				<coordinates>123.969714,10.340498,-62.73999999999999</coordinates>
			</Point>
		</Placemark>
		<Placemark>
			<name>3144</name>
			<TimeStamp><when>2024-08-15T01:35:18Z</when>
</TimeStamp>
			<styleUrl>#waypoint</styleUrl>
			<Point>
				<coordinates>123.969745,10.340448,-62.73999999999999</coordinates>
			</Point>
		</Placemark>
		<Placemark>
			<name>3145</name>
			<TimeStamp><when>2024-08-15T01:35:23Z</when>
</TimeStamp>
			<styleUrl>#waypoint</styleUrl>
			<Point>
				<coordinates>123.969769,10.340424,-62.73999999999999</coordinates>
			</Point>
		</Placemark>
		<Placemark>
			<name>3146</name>
			<TimeStamp><when>2024-08-15T01:35:30Z</when>
</TimeStamp>
			<styleUrl>#waypoint</styleUrl>
			<Point>
				<coordinates>123.969786,10.340443,-62.73999999999999</coordinates>
			</Point>
		</Placemark>
		<Placemark>
			<name>3147</name>
			<TimeStamp><when>2024-08-15T01:35:49Z</when>
</TimeStamp>
			<styleUrl>#waypoint</styleUrl>
			<Point>
				<coordinates>123.969812,10.340487,-62.73999999999999</coordinates>
			</Point>
		</Placemark>
		<Placemark>
			<name>3148</name>
			<TimeStamp><when>2024-08-15T01:36:02Z</when>
</TimeStamp>
			<styleUrl>#waypoint</styleUrl>
			<Point>
				<coordinates>123.969743,10.340555,-62.73999999999999</coordinates>
			</Point>
		</Placemark>
		<Placemark>
			<name>3149</name>
			<TimeStamp><when>2024-08-15T01:36:09Z</when>
</TimeStamp>
			<styleUrl>#waypoint</styleUrl>
			<Point>
				<coordinates>123.969731,10.340588,-62.73999999999999</coordinates>
			</Point>
		</Placemark>
		<Placemark>
			<name>3150</name>
			<TimeStamp><when>2024-08-15T01:36:20Z</when>
</TimeStamp>
			<styleUrl>#waypoint</styleUrl>
			<Point>
				<coordinates>123.969687,10.340645,-62.73999999999999</coordinates>
			</Point>
		</Placemark>
		<Placemark>
			<name>3151</name>
			<TimeStamp><when>2024-08-15T01:36:27Z</when>
</TimeStamp>
			<styleUrl>#waypoint</styleUrl>
			<Point>
				<coordinates>123.969698,10.340645,-62.73999999999999</coordinates>
			</Point>
		</Placemark>
		<Placemark>
			<name>3152</name>
			<TimeStamp><when>2024-08-15T01:36:35Z</when>
</TimeStamp>
			<styleUrl>#waypoint</styleUrl>
			<Point>
				<coordinates>123.969744,10.340667,-62.73999999999999</coordinates>
			</Point>
		</Placemark>
		<Placemark>
			<name>3153</name>
			<TimeStamp><when>2024-08-15T01:36:42Z</when>
</TimeStamp>
			<styleUrl>#waypoint</styleUrl>
			<Point>
				<coordinates>123.969777,10.340696,-62.72999999999999</coordinates>
			</Point>
		</Placemark>
		<Placemark>
			<name>3154</name>
			<TimeStamp><when>2024-08-15T01:36:53Z</when>
</TimeStamp>
			<styleUrl>#waypoint</styleUrl>
			<Point>
				<coordinates>123.969823,10.340705,-62.72999999999999</coordinates>
			</Point>
		</Placemark>
		<Placemark>
			<name>3155</name>
			<TimeStamp><when>2024-08-15T01:36:58Z</when>
</TimeStamp>
			<styleUrl>#waypoint</styleUrl>
			<Point>
				<coordinates>123.969833,10.340696,-62.73999999999999</coordinates>
			</Point>
		</Placemark>
		<Placemark>
			<name>3156</name>
			<TimeStamp><when>2024-08-15T01:37:06Z</when>
</TimeStamp>
			<styleUrl>#waypoint</styleUrl>
			<Point>
				<coordinates>123.969842,10.340646,-62.73999999999999</coordinates>
			</Point>
		</Placemark>
		<Placemark>
			<name>3157</name>
			<TimeStamp><when>2024-08-15T01:37:15Z</when>
</TimeStamp>
			<styleUrl>#waypoint</styleUrl>
			<Point>
				<coordinates>123.969795,10.340604,-62.73999999999999</coordinates>
			</Point>
		</Placemark>
		<Placemark>
			<name>3158</name>
			<TimeStamp><when>2024-08-15T01:37:21Z</when>
</TimeStamp>
			<styleUrl>#waypoint</styleUrl>
			<Point>
				<coordinates>123.969843,10.340605,-62.73999999999999</coordinates>
			</Point>
		</Placemark>
		<Placemark>
			<name>3159</name>
			<TimeStamp><when>2024-08-15T01:37:27Z</when>
</TimeStamp>
			<styleUrl>#waypoint</styleUrl>
			<Point>
				<coordinates>123.969854,10.340562,-62.73999999999999</coordinates>
			</Point>
		</Placemark>
		<Placemark>
			<name>3160</name>
			<TimeStamp><when>2024-08-15T01:37:33Z</when>
</TimeStamp>
			<styleUrl>#waypoint</styleUrl>
			<Point>
				<coordinates>123.969839,10.340509,-62.73999999999999</coordinates>
			</Point>
		</Placemark>
		<Placemark>
			<name>3161</name>
			<TimeStamp><when>2024-08-15T01:38:12Z</when>
</TimeStamp>
			<styleUrl>#waypoint</styleUrl>
			<Point>
				<coordinates>123.970027,10.340527,-62.73999999999999</coordinates>
			</Point>
		</Placemark>
		<Placemark>
			<name>3162</name>
			<TimeStamp><when>2024-08-15T01:38:24Z</when>
</TimeStamp>
			<styleUrl>#waypoint</styleUrl>
			<Point>
				<coordinates>123.969975,10.340482,-62.73999999999999</coordinates>
			</Point>
		</Placemark>
		<Placemark>
			<name>3163</name>
			<TimeStamp><when>2024-08-15T01:38:37Z</when>
</TimeStamp>
			<styleUrl>#waypoint</styleUrl>
			<Point>
				<coordinates>123.969968,10.34039,-62.73999999999999</coordinates>
			</Point>
		</Placemark>
		<Placemark>
			<name>3164</name>
			<TimeStamp><when>2024-08-15T01:38:45Z</when>
</TimeStamp>
			<styleUrl>#waypoint</styleUrl>
			<Point>
				<coordinates>123.969968,10.340386,-62.73999999999999</coordinates>
			</Point>
		</Placemark>
		<Placemark>
			<name>3165</name>
			<TimeStamp><when>2024-08-15T01:38:59Z</when>
</TimeStamp>
			<styleUrl>#waypoint</styleUrl>
			<Point>
				<coordinates>123.969972,10.340363,-62.73999999999999</coordinates>
			</Point>
		</Placemark>
		<Placemark>
			<name>3166</name>
			<TimeStamp><when>2024-08-15T01:39:07Z</when>
</TimeStamp>
			<styleUrl>#waypoint</styleUrl>
			<Point>
				<coordinates>123.969991,10.340353,-62.73999999999999</coordinates>
			</Point>
		</Placemark>
		<Placemark>
			<name>3167</name>
			<TimeStamp><when>2024-08-15T01:39:13Z</when>
</TimeStamp>
			<styleUrl>#waypoint</styleUrl>
			<Point>
				<coordinates>123.969986,10.340306,-62.73999999999999</coordinates>
			</Point>
		</Placemark>
		<Placemark>
			<name>3168</name>
			<TimeStamp><when>2024-08-15T01:39:25Z</when>
</TimeStamp>
			<styleUrl>#waypoint</styleUrl>
			<Point>
				<coordinates>123.970039,10.340216,-62.73999999999999</coordinates>
			</Point>
		</Placemark>
		<Placemark>
			<name>3169</name>
			<TimeStamp><when>2024-08-15T01:39:32Z</when>
</TimeStamp>
			<styleUrl>#waypoint</styleUrl>
			<Point>
				<coordinates>123.970044,10.340225,-62.73999999999999</coordinates>
			</Point>
		</Placemark>
		<Placemark>
			<name>3170</name>
			<TimeStamp><when>2024-08-15T01:39:40Z</when>
</TimeStamp>
			<styleUrl>#waypoint</styleUrl>
			<Point>
				<coordinates>123.970086,10.340247,-62.73999999999999</coordinates>
			</Point>
		</Placemark>
		<Placemark>
			<name>3171</name>
			<TimeStamp><when>2024-08-15T01:39:48Z</when>
</TimeStamp>
			<styleUrl>#waypoint</styleUrl>
			<Point>
				<coordinates>123.970068,10.340301,-62.73999999999999</coordinates>
			</Point>
		</Placemark>
		<Placemark>
			<name>3172</name>
			<TimeStamp><when>2024-08-15T01:39:56Z</when>
</TimeStamp>
			<styleUrl>#waypoint</styleUrl>
			<Point>
				<coordinates>123.970136,10.340276,-62.73999999999999</coordinates>
			</Point>
		</Placemark>
		<Placemark>
			<name>3173</name>
			<TimeStamp><when>2024-08-15T01:40:02Z</when>
</TimeStamp>
			<styleUrl>#waypoint</styleUrl>
			<Point>
				<coordinates>123.970118,10.34031,-62.73999999999999</coordinates>
			</Point>
		</Placemark>
		<Placemark>
			<name>3174</name>
			<TimeStamp><when>2024-08-15T01:40:07Z</when>
</TimeStamp>
			<styleUrl>#waypoint</styleUrl>
			<Point>
				<coordinates>123.970096,10.34036,-62.73999999999999</coordinates>
			</Point>
		</Placemark>
		<Placemark>
			<name>3175</name>
			<TimeStamp><when>2024-08-15T01:40:16Z</when>
</TimeStamp>
			<styleUrl>#waypoint</styleUrl>
			<Point>
				<coordinates>123.970062,10.340397,-62.73999999999999</coordinates>
			</Point>
		</Placemark>
		<Placemark>
			<name>3176</name>
			<TimeStamp><when>2024-08-15T01:40:25Z</when>
</TimeStamp>
			<styleUrl>#waypoint</styleUrl>
			<Point>
				<coordinates>123.970053,10.340391,-62.73999999999999</coordinates>
			</Point>
		</Placemark>
		<Placemark>
			<name>3177</name>
			<TimeStamp><when>2024-08-15T01:40:33Z</when>
</TimeStamp>
			<styleUrl>#waypoint</styleUrl>
			<Point>
				<coordinates>123.970025,10.340374,-62.73999999999999</coordinates>
			</Point>
		</Placemark>
		<Placemark>
			<name>3178</name>
			<TimeStamp><when>2024-08-15T01:40:41Z</when>
</TimeStamp>
			<styleUrl>#waypoint</styleUrl>
			<Point>
				<coordinates>123.970042,10.340428,-62.73999999999999</coordinates>
			</Point>
		</Placemark>
		<Placemark>
			<name>3179</name>
			<TimeStamp><when>2024-08-15T01:40:51Z</when>
</TimeStamp>
			<styleUrl>#waypoint</styleUrl>
			<Point>
				<coordinates>123.970017,10.340475,-62.73999999999999</coordinates>
			</Point>
		</Placemark>
		<Placemark>
			<name>3180</name>
			<TimeStamp><when>2024-08-15T01:40:56Z</when>
</TimeStamp>
			<styleUrl>#waypoint</styleUrl>
			<Point>
				<coordinates>123.970023,10.34048,-62.73999999999999</coordinates>
			</Point>
		</Placemark>
		<Placemark>
			<name>3181</name>
			<TimeStamp><when>2024-08-15T01:41:20Z</when>
</TimeStamp>
			<styleUrl>#waypoint</styleUrl>
			<Point>
				<coordinates>123.969988,10.340598,-62.73999999999999</coordinates>
			</Point>
		</Placemark>
		<Placemark>
			<name>3182</name>
			<TimeStamp><when>2024-08-15T01:41:30Z</when>
</TimeStamp>
			<styleUrl>#waypoint</styleUrl>
			<Point>
				<coordinates>123.969986,10.340643,-62.73999999999999</coordinates>
			</Point>
		</Placemark>
		<Placemark>
			<name>3183</name>
			<TimeStamp><when>2024-08-15T01:41:39Z</when>
</TimeStamp>
			<styleUrl>#waypoint</styleUrl>
			<Point>
				<coordinates>123.969984,10.340692,-62.73999999999999</coordinates>
			</Point>
		</Placemark>
		<Placemark>
			<name>3184</name>
			<TimeStamp><when>2024-08-15T01:41:47Z</when>
</TimeStamp>
			<styleUrl>#waypoint</styleUrl>
			<Point>
				<coordinates>123.969972,10.340728,-62.73999999999999</coordinates>
			</Point>
		</Placemark>
		<Placemark>
			<name>3185</name>
			<TimeStamp><when>2024-08-15T01:41:54Z</when>
</TimeStamp>
			<styleUrl>#waypoint</styleUrl>
			<Point>
				<coordinates>123.969968,10.340741,-62.72999999999999</coordinates>
			</Point>
		</Placemark>
		<Placemark>
			<name>3186</name>
			<TimeStamp><when>2024-08-15T01:42:04Z</when>
</TimeStamp>
			<styleUrl>#waypoint</styleUrl>
			<Point>
				<coordinates>123.970009,10.340762,-62.72999999999999</coordinates>
			</Point>
		</Placemark>
		<Placemark>
			<name>3187</name>
			<TimeStamp><when>2024-08-15T01:42:13Z</when>
</TimeStamp>
			<styleUrl>#waypoint</styleUrl>
			<Point>
				<coordinates>123.970039,10.34072,-62.73999999999999</coordinates>
			</Point>
		</Placemark>
		<Placemark>
			<name>3188</name>
			<TimeStamp><when>2024-08-15T01:42:27Z</when>
</TimeStamp>
			<styleUrl>#waypoint</styleUrl>
			<Point>
				<coordinates>123.970062,10.340649,-62.73999999999999</coordinates>
			</Point>
		</Placemark>
		<Placemark>
			<name>3189</name>
			<TimeStamp><when>2024-08-15T01:42:35Z</when>
</TimeStamp>
			<styleUrl>#waypoint</styleUrl>
			<Point>
				<coordinates>123.97004,10.340624,-62.73999999999999</coordinates>
			</Point>
		</Placemark>
		<Placemark>
			<name>3190</name>
			<TimeStamp><when>2024-08-15T01:42:49Z</when>
</TimeStamp>
			<styleUrl>#waypoint</styleUrl>
			<Point>
				<coordinates>123.970084,10.340652,-62.73999999999999</coordinates>
			</Point>
		</Placemark>
		<Placemark>
			<name>3191</name>
			<TimeStamp><when>2024-08-15T01:42:54Z</when>
</TimeStamp>
			<styleUrl>#waypoint</styleUrl>
			<Point>
				<coordinates>123.970105,10.340654,-62.73999999999999</coordinates>
			</Point>
		</Placemark>
		<Placemark>
			<name>3192</name>
			<TimeStamp><when>2024-08-15T01:43:04Z</when>
</TimeStamp>
			<styleUrl>#waypoint</styleUrl>
			<Point>
				<coordinates>123.970094,10.340709,-62.73999999999999</coordinates>
			</Point>
		</Placemark>
		<Placemark>
			<name>3193</name>
			<TimeStamp><when>2024-08-15T01:43:10Z</when>
</TimeStamp>
			<styleUrl>#waypoint</styleUrl>
			<Point>
				<coordinates>123.97007,10.340753,-62.73999999999999</coordinates>
			</Point>
		</Placemark>
		<Placemark>
			<name>3194</name>
			<TimeStamp><when>2024-08-15T01:43:16Z</when>
</TimeStamp>
			<styleUrl>#waypoint</styleUrl>
			<Point>
				<coordinates>123.970047,10.340793,-62.72999999999999</coordinates>
			</Point>
		</Placemark>
		<Placemark>
			<name>3195</name>
			<TimeStamp><when>2024-08-15T01:43:21Z</when>
</TimeStamp>
			<styleUrl>#waypoint</styleUrl>
			<Point>
				<coordinates>123.970044,10.340806,-62.72999999999999</coordinates>
			</Point>
		</Placemark>
		<Placemark>
			<name>3196</name>
			<TimeStamp><when>2024-08-15T01:51:44Z</when>
</TimeStamp>
			<styleUrl>#waypoint</styleUrl>
			<Point>
				<coordinates>123.969864,10.340909,-62.72999999999999</coordinates>
			</Point>
		</Placemark>
		<Placemark>
			<name>3197</name>
			<TimeStamp><when>2024-08-15T01:54:45Z</when>
</TimeStamp>
			<styleUrl>#waypoint</styleUrl>
			<Point>
				<coordinates>123.970104,10.340788,-62.72999999999999</coordinates>
			</Point>
		</Placemark>
		<Placemark>
			<name>3198</name>
			<TimeStamp><when>2024-08-15T01:54:52Z</when>
</TimeStamp>
			<styleUrl>#waypoint</styleUrl>
			<Point>
				<coordinates>123.970116,10.340743,-62.73999999999999</coordinates>
			</Point>
		</Placemark>
		<Placemark>
			<name>3199</name>
			<TimeStamp><when>2024-08-15T01:54:59Z</when>
</TimeStamp>
			<styleUrl>#waypoint</styleUrl>
			<Point>
				<coordinates>123.970126,10.340701,-62.73999999999999</coordinates>
			</Point>
		</Placemark>
		<Placemark>
			<name>3200</name>
			<TimeStamp><when>2024-08-15T01:55:10Z</when>
</TimeStamp>
			<styleUrl>#waypoint</styleUrl>
			<Point>
				<coordinates>123.97014,10.340662,-62.73999999999999</coordinates>
			</Point>
		</Placemark>
		<Placemark>
			<name>3201</name>
			<TimeStamp><when>2024-08-15T01:55:23Z</when>
</TimeStamp>
			<styleUrl>#waypoint</styleUrl>
			<Point>
				<coordinates>123.970172,10.340668,-62.73999999999999</coordinates>
			</Point>
		</Placemark>
		<Placemark>
			<name>3202</name>
			<TimeStamp><when>2024-08-15T01:55:45Z</when>
</TimeStamp>
			<styleUrl>#waypoint</styleUrl>
			<Point>
				<coordinates>123.970153,10.340729,-62.73999999999999</coordinates>
			</Point>
		</Placemark>
		<Placemark>
			<name>3203</name>
			<TimeStamp><when>2024-08-15T01:55:55Z</when>
</TimeStamp>
			<styleUrl>#waypoint</styleUrl>
			<Point>
				<coordinates>123.970129,10.340805,-62.72999999999999</coordinates>
			</Point>
		</Placemark>
		<Placemark>
			<name>3204</name>
			<TimeStamp><when>2024-08-15T01:56:03Z</when>
</TimeStamp>
			<styleUrl>#waypoint</styleUrl>
			<Point>
				<coordinates>123.970121,10.340836,-62.72999999999999</coordinates>
			</Point>
		</Placemark>
		<Placemark>
			<name>3205</name>
			<TimeStamp><when>2024-08-15T01:56:09Z</when>
</TimeStamp>
			<styleUrl>#waypoint</styleUrl>
			<Point>
				<coordinates>123.970132,10.34086,-62.72999999999999</coordinates>
			</Point>
		</Placemark>
		<Placemark>
			<name>3206</name>
			<TimeStamp><when>2024-08-15T01:56:18Z</when>
</TimeStamp>
			<styleUrl>#waypoint</styleUrl>
			<Point>
				<coordinates>123.970164,10.340889,-62.72999999999999</coordinates>
			</Point>
		</Placemark>
		<Placemark>
			<name>3207</name>
			<TimeStamp><when>2024-08-15T01:56:23Z</when>
</TimeStamp>
			<styleUrl>#waypoint</styleUrl>
			<Point>
				<coordinates>123.970175,10.340867,-62.72999999999999</coordinates>
			</Point>
		</Placemark>
		<Placemark>
			<name>3208</name>
			<TimeStamp><when>2024-08-15T01:56:27Z</when>
</TimeStamp>
			<styleUrl>#waypoint</styleUrl>
			<Point>
				<coordinates>123.97018,10.34083,-62.72999999999999</coordinates>
			</Point>
		</Placemark>
		<Placemark>
			<name>3209</name>
			<TimeStamp><when>2024-08-15T01:56:35Z</when>
</TimeStamp>
			<styleUrl>#waypoint</styleUrl>
			<Point>
				<coordinates>123.970196,10.340776,-62.73999999999999</coordinates>
			</Point>
		</Placemark>
		<Placemark>
			<name>3210</name>
			<TimeStamp><when>2024-08-15T01:56:46Z</when>
</TimeStamp>
			<styleUrl>#waypoint</styleUrl>
			<Point>
				<coordinates>123.970215,10.340718,-62.73999999999999</coordinates>
			</Point>
		</Placemark>
		<Placemark>
			<name>3211</name>
			<TimeStamp><when>2024-08-15T01:56:59Z</when>
</TimeStamp>
			<styleUrl>#waypoint</styleUrl>
			<Point>
				<coordinates>123.970236,10.34073,-62.73999999999999</coordinates>
			</Point>
		</Placemark>
		<Placemark>
			<name>3212</name>
			<TimeStamp><when>2024-08-15T01:57:04Z</when>
</TimeStamp>
			<styleUrl>#waypoint</styleUrl>
			<Point>
				<coordinates>123.970232,10.340737,-62.73999999999999</coordinates>
			</Point>
		</Placemark>
		<Placemark>
			<name>3213</name>
			<TimeStamp><when>2024-08-15T01:57:24Z</when>
</TimeStamp>
			<styleUrl>#waypoint</styleUrl>
			<Point>
				<coordinates>123.970248,10.340806,-62.72999999999999</coordinates>
			</Point>
		</Placemark>
		<Placemark>
			<name>3214</name>
			<TimeStamp><when>2024-08-15T01:57:32Z</when>
</TimeStamp>
			<styleUrl>#waypoint</styleUrl>
			<Point>
				<coordinates>123.970224,10.340868,-62.72999999999999</coordinates>
			</Point>
		</Placemark>
		<Placemark>
			<name>3215</name>
			<TimeStamp><when>2024-08-15T01:57:40Z</when>
</TimeStamp>
			<styleUrl>#waypoint</styleUrl>
			<Point>
				<coordinates>123.970218,10.340909,-62.72999999999999</coordinates>
			</Point>
		</Placemark>
		<Placemark>
			<name>3216</name>
			<TimeStamp><when>2024-08-15T01:57:46Z</when>
</TimeStamp>
			<styleUrl>#waypoint</styleUrl>
			<Point>
				<coordinates>123.970231,10.340939,-62.72999999999999</coordinates>
			</Point>
		</Placemark>
		<Placemark>
			<name>3217</name>
			<TimeStamp><when>2024-08-15T01:57:52Z</when>
</TimeStamp>
			<styleUrl>#waypoint</styleUrl>
			<Point>
				<coordinates>123.970245,10.340942,-62.72999999999999</coordinates>
			</Point>
		</Placemark>
		<Placemark>
			<name>3218</name>
			<TimeStamp><when>2024-08-15T01:58:04Z</when>
</TimeStamp>
			<styleUrl>#waypoint</styleUrl>
			<Point>
				<coordinates>123.970249,10.340897,-62.72999999999999</coordinates>
			</Point>
		</Placemark>
		<Placemark>
			<name>3219</name>
			<TimeStamp><when>2024-08-15T01:58:12Z</when>
</TimeStamp>
			<styleUrl>#waypoint</styleUrl>
			<Point>
				<coordinates>123.970266,10.340848,-62.72999999999999</coordinates>
			</Point>
		</Placemark>
		<Placemark>
			<name>3220</name>
			<TimeStamp><when>2024-08-15T01:58:51Z</when>
</TimeStamp>
			<styleUrl>#waypoint</styleUrl>
			<Point>
				<coordinates>123.970249,10.340603,-62.73999999999999</coordinates>
			</Point>
		</Placemark>
		<Placemark>
			<name>3221</name>
			<TimeStamp><when>2024-08-15T01:58:59Z</when>
</TimeStamp>
			<styleUrl>#waypoint</styleUrl>
			<Point>
				<coordinates>123.970243,10.340604,-62.73999999999999</coordinates>
			</Point>
		</Placemark>
		<Placemark>
			<name>3222</name>
			<TimeStamp><when>2024-08-15T01:59:05Z</when>
</TimeStamp>
			<styleUrl>#waypoint</styleUrl>
			<Point>
				<coordinates>123.970206,10.340592,-62.73999999999999</coordinates>
			</Point>
		</Placemark>
		<Placemark>
			<name>3223</name>
			<TimeStamp><when>2024-08-15T01:59:10Z</when>
</TimeStamp>
			<styleUrl>#waypoint</styleUrl>
			<Point>
				<coordinates>123.970172,10.34058,-62.73999999999999</coordinates>
			</Point>
		</Placemark>
		<Placemark>
			<name>3224</name>
			<TimeStamp><when>2024-08-15T01:59:15Z</when>
</TimeStamp>
			<styleUrl>#waypoint</styleUrl>
			<Point>
				<coordinates>123.970136,10.340569,-62.73999999999999</coordinates>
			</Point>
		</Placemark>
		<Placemark>
			<name>3225</name>
			<TimeStamp><when>2024-08-15T01:59:27Z</when>
</TimeStamp>
			<styleUrl>#waypoint</styleUrl>
			<Point>
				<coordinates>123.970113,10.340517,-62.73999999999999</coordinates>
			</Point>
		</Placemark>
		<Placemark>
			<name>3226</name>
			<TimeStamp><when>2024-08-15T01:59:33Z</when>
</TimeStamp>
			<styleUrl>#waypoint</styleUrl>
			<Point>
				<coordinates>123.970113,10.340517,-62.73999999999999</coordinates>
			</Point>
		</Placemark>
		<Placemark>
			<name>3227</name>
			<TimeStamp><when>2024-08-15T01:59:40Z</when>
</TimeStamp>
			<styleUrl>#waypoint</styleUrl>
			<Point>
				<coordinates>123.970136,10.340525,-62.73999999999999</coordinates>
			</Point>
		</Placemark>
		<Placemark>
			<name>3228</name>
			<TimeStamp><when>2024-08-15T01:59:54Z</when>
</TimeStamp>
			<styleUrl>#waypoint</styleUrl>
			<Point>
				<coordinates>123.970207,10.340552,-62.73999999999999</coordinates>
			</Point>
		</Placemark>
		<Placemark>
			<name>3229</name>
			<TimeStamp><when>2024-08-15T01:59:58Z</when>
</TimeStamp>
			<styleUrl>#waypoint</styleUrl>
			<Point>
				<coordinates>123.970218,10.340556,-62.73999999999999</coordinates>
			</Point>
		</Placemark>
		<Placemark>
			<name>3230</name>
			<TimeStamp><when>2024-08-15T02:00:09Z</when>
</TimeStamp>
			<styleUrl>#waypoint</styleUrl>
			<Point>
				<coordinates>123.970299,10.340545,-62.73999999999999</coordinates>
			</Point>
		</Placemark>
		<Placemark>
			<name>3231</name>
			<TimeStamp><when>2024-08-15T02:00:17Z</when>
</TimeStamp>
			<styleUrl>#waypoint</styleUrl>
			<Point>
				<coordinates>123.970308,10.340529,-62.73999999999999</coordinates>
			</Point>
		</Placemark>
		<Placemark>
			<name>3232</name>
			<TimeStamp><when>2024-08-15T02:00:22Z</when>
</TimeStamp>
			<styleUrl>#waypoint</styleUrl>
			<Point>
				<coordinates>123.970294,10.340525,-62.73999999999999</coordinates>
			</Point>
		</Placemark>
		<Placemark>
			<name>3233</name>
			<TimeStamp><when>2024-08-15T02:00:27Z</when>
</TimeStamp>
			<styleUrl>#waypoint</styleUrl>
			<Point>
				<coordinates>123.970253,10.340514,-62.73999999999999</coordinates>
			</Point>
		</Placemark>
		<Placemark>
			<name>3234</name>
			<TimeStamp><when>2024-08-15T02:00:31Z</when>
</TimeStamp>
			<styleUrl>#waypoint</styleUrl>
			<Point>
				<coordinates>123.970231,10.340505,-62.73999999999999</coordinates>
			</Point>
		</Placemark>
		<Placemark>
			<name>3235</name>
			<TimeStamp><when>2024-08-15T02:00:37Z</when>
</TimeStamp>
			<styleUrl>#waypoint</styleUrl>
			<Point>
				<coordinates>123.970193,10.340492,-62.73999999999999</coordinates>
			</Point>
		</Placemark>
		<Placemark>
			<name>3236</name>
			<TimeStamp><when>2024-08-15T02:00:41Z</when>
</TimeStamp>
			<styleUrl>#waypoint</styleUrl>
			<Point>
				<coordinates>123.970162,10.34048,-62.73999999999999</coordinates>
			</Point>
		</Placemark>
		<Placemark>
			<name>3237</name>
			<TimeStamp><when>2024-08-15T02:00:59Z</when>
</TimeStamp>
			<styleUrl>#waypoint</styleUrl>
			<Point>
				<coordinates>123.970144,10.340459,-62.73999999999999</coordinates>
			</Point>
		</Placemark>
		<Placemark>
			<name>3238</name>
			<TimeStamp><when>2024-08-15T02:01:12Z</when>
</TimeStamp>
			<styleUrl>#waypoint</styleUrl>
			<Point>
				<coordinates>123.970176,10.340439,-62.73999999999999</coordinates>
			</Point>
		</Placemark>
		<Placemark>
			<name>3239</name>
			<TimeStamp><when>2024-08-15T02:01:19Z</when>
</TimeStamp>
			<styleUrl>#waypoint</styleUrl>
			<Point>
				<coordinates>123.970207,10.34045,-62.73999999999999</coordinates>
			</Point>
		</Placemark>
		<Placemark>
			<name>3240</name>
			<TimeStamp><when>2024-08-15T02:01:25Z</when>
</TimeStamp>
			<styleUrl>#waypoint</styleUrl>
			<Point>
				<coordinates>123.970241,10.340465,-62.73999999999999</coordinates>
			</Point>
		</Placemark>
		<Placemark>
			<name>3241</name>
			<TimeStamp><when>2024-08-15T02:01:37Z</when>
</TimeStamp>
			<styleUrl>#waypoint</styleUrl>
			<Point>
				<coordinates>123.970288,10.340471,-62.73999999999999</coordinates>
			</Point>
		</Placemark>
		<Placemark>
			<name>3242</name>
			<TimeStamp><when>2024-08-15T02:01:43Z</when>
</TimeStamp>
			<styleUrl>#waypoint</styleUrl>
			<Point>
				<coordinates>123.970305,10.340478,-62.73999999999999</coordinates>
			</Point>
		</Placemark>
		<Placemark>
			<name>3243</name>
			<TimeStamp><when>2024-08-15T02:02:00Z</when>
</TimeStamp>
			<styleUrl>#waypoint</styleUrl>
			<Point>
				<coordinates>123.970336,10.340471,-62.73999999999999</coordinates>
			</Point>
		</Placemark>
		<Placemark>
			<name>3244</name>
			<TimeStamp><when>2024-08-15T02:02:07Z</when>
</TimeStamp>
			<styleUrl>#waypoint</styleUrl>
			<Point>
				<coordinates>123.970359,10.340441,-62.73999999999999</coordinates>
			</Point>
		</Placemark>
		<Placemark>
			<name>3245</name>
			<TimeStamp><when>2024-08-15T02:02:20Z</when>
</TimeStamp>
			<styleUrl>#waypoint</styleUrl>
			<Point>
				<coordinates>123.970283,10.340423,-62.73999999999999</coordinates>
			</Point>
		</Placemark>
		<Placemark>
			<name>3246</name>
			<TimeStamp><when>2024-08-15T02:02:48Z</when>
</TimeStamp>
			<styleUrl>#waypoint</styleUrl>
			<Point>
				<coordinates>123.970231,10.340405,-62.73999999999999</coordinates>
			</Point>
		</Placemark>
		<Placemark>
			<name>3247</name>
			<TimeStamp><when>2024-08-15T02:02:58Z</when>
</TimeStamp>
			<styleUrl>#waypoint</styleUrl>
			<Point>
				<coordinates>123.970176,10.34038,-62.73999999999999</coordinates>
			</Point>
		</Placemark>
		<Placemark>
			<name>3248</name>
			<TimeStamp><when>2024-08-15T02:03:06Z</when>
</TimeStamp>
			<styleUrl>#waypoint</styleUrl>
			<Point>
				<coordinates>123.970203,10.340341,-62.73999999999999</coordinates>
			</Point>
		</Placemark>
		<Placemark>
			<name>3249</name>
			<TimeStamp><when>2024-08-15T02:03:14Z</when>
</TimeStamp>
			<styleUrl>#waypoint</styleUrl>
			<Point>
				<coordinates>123.970255,10.340362,-62.73999999999999</coordinates>
			</Point>
		</Placemark>
		<Placemark>
			<name>3250</name>
			<TimeStamp><when>2024-08-15T02:03:20Z</when>
</TimeStamp>
			<styleUrl>#waypoint</styleUrl>
			<Point>
				<coordinates>123.970309,10.340374,-62.73999999999999</coordinates>
			</Point>
		</Placemark>
		<Placemark>
			<name>3251</name>
			<TimeStamp><when>2024-08-15T02:03:29Z</when>
</TimeStamp>
			<styleUrl>#waypoint</styleUrl>
			<Point>
				<coordinates>123.970374,10.340375,-62.73999999999999</coordinates>
			</Point>
		</Placemark>
		<Placemark>
			<name>3252</name>
			<TimeStamp><when>2024-08-15T02:03:35Z</when>
</TimeStamp>
			<styleUrl>#waypoint</styleUrl>
			<Point>
				<coordinates>123.970384,10.340347,-62.73999999999999</coordinates>
			</Point>
		</Placemark>
		<Placemark>
			<name>3253</name>
			<TimeStamp><when>2024-08-15T02:03:47Z</when>
</TimeStamp>
			<styleUrl>#waypoint</styleUrl>
			<Point>
				<coordinates>123.97032,10.340336,-62.73999999999999</coordinates>
			</Point>
		</Placemark>
		<Placemark>
			<name>3254</name>
			<TimeStamp><when>2024-08-15T02:03:58Z</when>
</TimeStamp>
			<styleUrl>#waypoint</styleUrl>
			<Point>
				<coordinates>123.970258,10.340317,-62.73999999999999</coordinates>
			</Point>
		</Placemark>
		<Placemark>
			<name>3255</name>
			<TimeStamp><when>2024-08-15T02:05:15Z</when>
</TimeStamp>
			<styleUrl>#waypoint</styleUrl>
			<Point>
				<coordinates>123.970084,10.340167,-62.73999999999999</coordinates>
			</Point>
		</Placemark>
		<Placemark>
			<name>3256</name>
			<TimeStamp><when>2024-08-15T02:05:23Z</when>
</TimeStamp>
			<styleUrl>#waypoint</styleUrl>
			<Point>
				<coordinates>123.970074,10.340148,-62.73999999999999</coordinates>
			</Point>
		</Placemark>
		<Placemark>
			<name>3257</name>
			<TimeStamp><when>2024-08-15T02:05:29Z</when>
</TimeStamp>
			<styleUrl>#waypoint</styleUrl>
			<Point>
				<coordinates>123.970099,10.340102,-62.73999999999999</coordinates>
			</Point>
		</Placemark>
		<Placemark>
			<name>3258</name>
			<TimeStamp><when>2024-08-15T02:05:43Z</when>
</TimeStamp>
			<styleUrl>#waypoint</styleUrl>
			<Point>
				<coordinates>123.970136,10.340031,-62.73999999999999</coordinates>
			</Point>
		</Placemark>
		<Placemark>
			<name>3259</name>
			<TimeStamp><when>2024-08-15T02:05:48Z</when>
</TimeStamp>
			<styleUrl>#waypoint</styleUrl>
			<Point>
				<coordinates>123.970141,10.340023,-62.73999999999999</coordinates>
			</Point>
		</Placemark>
		<Placemark>
			<name>3260</name>
			<TimeStamp><when>2024-08-15T02:06:00Z</when>
</TimeStamp>
			<styleUrl>#waypoint</styleUrl>
			<Point>
				<coordinates>123.970205,10.340003,-62.73999999999999</coordinates>
			</Point>
		</Placemark>
		<Placemark>
			<name>3261</name>
			<TimeStamp><when>2024-08-15T02:06:08Z</when>
</TimeStamp>
			<styleUrl>#waypoint</styleUrl>
			<Point>
				<coordinates>123.970204,10.340029,-62.73999999999999</coordinates>
			</Point>
		</Placemark>
		<Placemark>
			<name>3262</name>
			<TimeStamp><when>2024-08-15T02:06:14Z</when>
</TimeStamp>
			<styleUrl>#waypoint</styleUrl>
			<Point>
				<coordinates>123.970204,10.340047,-62.73999999999999</coordinates>
			</Point>
		</Placemark>
		<Placemark>
			<name>3263</name>
			<TimeStamp><when>2024-08-15T02:06:20Z</when>
</TimeStamp>
			<styleUrl>#waypoint</styleUrl>
			<Point>
				<coordinates>123.970172,10.340094,-62.73999999999999</coordinates>
			</Point>
		</Placemark>
		<Placemark>
			<name>3264</name>
			<TimeStamp><when>2024-08-15T02:06:28Z</when>
</TimeStamp>
			<styleUrl>#waypoint</styleUrl>
			<Point>
				<coordinates>123.970129,10.340155,-62.73999999999999</coordinates>
			</Point>
		</Placemark>
		<Placemark>
			<name>3265</name>
			<TimeStamp><when>2024-08-15T02:06:35Z</when>
</TimeStamp>
			<styleUrl>#waypoint</styleUrl>
			<Point>
				<coordinates>123.970119,10.340171,-62.73999999999999</coordinates>
			</Point>
		</Placemark>
		<Placemark>
			<name>3266</name>
			<TimeStamp><when>2024-08-15T02:07:23Z</when>
</TimeStamp>
			<styleUrl>#waypoint</styleUrl>
			<Point>
				<coordinates>123.970184,10.340164,-62.73999999999999</coordinates>
			</Point>
		</Placemark>
		<Placemark>
			<name>3267</name>
			<TimeStamp><when>2024-08-15T02:07:34Z</when>
</TimeStamp>
			<styleUrl>#waypoint</styleUrl>
			<Point>
				<coordinates>123.970197,10.340138,-62.73999999999999</coordinates>
			</Point>
		</Placemark>
		<Placemark>
			<name>3268</name>
			<TimeStamp><when>2024-08-15T02:07:42Z</when>
</TimeStamp>
			<styleUrl>#waypoint</styleUrl>
			<Point>
				<coordinates>123.970223,10.340103,-62.73999999999999</coordinates>
			</Point>
		</Placemark>
		<Placemark>
			<name>3269</name>
			<TimeStamp><when>2024-08-15T02:07:48Z</when>
</TimeStamp>
			<styleUrl>#waypoint</styleUrl>
			<Point>
				<coordinates>123.970235,10.340061,-62.73999999999999</coordinates>
			</Point>
		</Placemark>
		<Placemark>
			<name>3270</name>
			<TimeStamp><when>2024-08-15T02:07:54Z</when>
</TimeStamp>
			<styleUrl>#waypoint</styleUrl>
			<Point>
				<coordinates>123.970264,10.340034,-62.73999999999999</coordinates>
			</Point>
		</Placemark>
		<Placemark>
			<name>3271</name>
			<TimeStamp><when>2024-08-15T02:08:00Z</when>
</TimeStamp>
			<styleUrl>#waypoint</styleUrl>
			<Point>
				<coordinates>123.970283,10.34006,-62.73999999999999</coordinates>
			</Point>
		</Placemark>
		<Placemark>
			<name>3272</name>
			<TimeStamp><when>2024-08-15T02:08:05Z</when>
</TimeStamp>
			<styleUrl>#waypoint</styleUrl>
			<Point>
				<coordinates>123.970269,10.340098,-62.73999999999999</coordinates>
			</Point>
		</Placemark>
		<Placemark>
			<name>3273</name>
			<TimeStamp><when>2024-08-15T02:08:13Z</when>
</TimeStamp>
			<styleUrl>#waypoint</styleUrl>
			<Point>
				<coordinates>123.97026,10.340137,-62.73999999999999</coordinates>
			</Point>
		</Placemark>
		<Placemark>
			<name>3274</name>
			<TimeStamp><when>2024-08-15T02:08:19Z</when>
</TimeStamp>
			<styleUrl>#waypoint</styleUrl>
			<Point>
				<coordinates>123.970239,10.340188,-62.73999999999999</coordinates>
			</Point>
		</Placemark>
		<Placemark>
			<name>3275</name>
			<TimeStamp><when>2024-08-15T02:08:30Z</when>
</TimeStamp>
			<styleUrl>#waypoint</styleUrl>
			<Point>
				<coordinates>123.970274,10.340239,-62.73999999999999</coordinates>
			</Point>
		</Placemark>
		<Placemark>
			<name>3276</name>
			<TimeStamp><when>2024-08-15T02:08:38Z</when>
</TimeStamp>
			<styleUrl>#waypoint</styleUrl>
			<Point>
				<coordinates>123.970285,10.340227,-62.73999999999999</coordinates>
			</Point>
		</Placemark>
		<Placemark>
			<name>3277</name>
			<TimeStamp><when>2024-08-15T02:08:45Z</when>
</TimeStamp>
			<styleUrl>#waypoint</styleUrl>
			<Point>
				<coordinates>123.970315,10.340159,-62.73999999999999</coordinates>
			</Point>
		</Placemark>
		<Placemark>
			<name>3278</name>
			<TimeStamp><when>2024-08-15T02:08:50Z</when>
</TimeStamp>
			<styleUrl>#waypoint</styleUrl>
			<Point>
				<coordinates>123.970321,10.340141,-62.73999999999999</coordinates>
			</Point>
		</Placemark>
		<Placemark>
			<name>3279</name>
			<TimeStamp><when>2024-08-15T02:08:59Z</when>
</TimeStamp>
			<styleUrl>#waypoint</styleUrl>
			<Point>
				<coordinates>123.970344,10.340066,-62.73999999999999</coordinates>
			</Point>
		</Placemark>
		<Placemark>
			<name>3280</name>
			<TimeStamp><when>2024-08-15T02:09:06Z</when>
</TimeStamp>
			<styleUrl>#waypoint</styleUrl>
			<Point>
				<coordinates>123.970354,10.340067,-62.73999999999999</coordinates>
			</Point>
		</Placemark>
		<Placemark>
			<name>3281</name>
			<TimeStamp><when>2024-08-15T02:09:17Z</when>
</TimeStamp>
			<styleUrl>#waypoint</styleUrl>
			<Point>
				<coordinates>123.97038,10.340079,-62.73999999999999</coordinates>
			</Point>
		</Placemark>
		<Placemark>
			<name>3282</name>
			<TimeStamp><when>2024-08-15T02:09:24Z</when>
</TimeStamp>
			<styleUrl>#waypoint</styleUrl>
			<Point>
				<coordinates>123.970365,10.340121,-62.73999999999999</coordinates>
			</Point>
		</Placemark>
		<Placemark>
			<name>3283</name>
			<TimeStamp><when>2024-08-15T02:09:29Z</when>
</TimeStamp>
			<styleUrl>#waypoint</styleUrl>
			<Point>
				<coordinates>123.970351,10.340173,-62.73999999999999</coordinates>
			</Point>
		</Placemark>
		<Placemark>
			<name>3284</name>
			<TimeStamp><when>2024-08-15T02:09:35Z</when>
</TimeStamp>
			<styleUrl>#waypoint</styleUrl>
			<Point>
				<coordinates>123.970345,10.340214,-62.73999999999999</coordinates>
			</Point>
		</Placemark>
		<Placemark>
			<name>3285</name>
			<TimeStamp><when>2024-08-15T02:09:42Z</when>
</TimeStamp>
			<styleUrl>#waypoint</styleUrl>
			<Point>
				<coordinates>123.970354,10.340257,-62.73999999999999</coordinates>
			</Point>
		</Placemark>
		<Placemark>
			<name>3286</name>
			<TimeStamp><when>2024-08-15T02:09:47Z</when>
</TimeStamp>
			<styleUrl>#waypoint</styleUrl>
			<Point>
				<coordinates>123.970386,10.340265,-62.73999999999999</coordinates>
			</Point>
		</Placemark>
		<Placemark>
			<name>3287</name>
			<TimeStamp><when>2024-08-15T02:09:53Z</when>
</TimeStamp>
			<styleUrl>#waypoint</styleUrl>
			<Point>
				<coordinates>123.970399,10.340228,-62.73999999999999</coordinates>
			</Point>
		</Placemark>
		<Placemark>
			<name>3288</name>
			<TimeStamp><when>2024-08-15T02:09:59Z</when>
</TimeStamp>
			<styleUrl>#waypoint</styleUrl>
			<Point>
				<coordinates>123.970416,10.340171,-62.73999999999999</coordinates>
			</Point>
		</Placemark>
		<Placemark>
			<name>3289</name>
			<TimeStamp><when>2024-08-15T02:10:05Z</when>
</TimeStamp>
			<styleUrl>#waypoint</styleUrl>
			<Point>
				<coordinates>123.970428,10.340134,-62.73999999999999</coordinates>
			</Point>
		</Placemark>
		<Placemark>
			<name>3290</name>
			<TimeStamp><when>2024-08-15T02:10:16Z</when>
</TimeStamp>
			<styleUrl>#waypoint</styleUrl>
			<Point>
				<coordinates>123.970469,10.340095,-62.73999999999999</coordinates>
			</Point>
		</Placemark>
		<Placemark>
			<name>3291</name>
			<TimeStamp><when>2024-08-15T02:10:25Z</when>
</TimeStamp>
			<styleUrl>#waypoint</styleUrl>
			<Point>
				<coordinates>123.970474,10.340124,-62.73999999999999</coordinates>
			</Point>
		</Placemark>
		<Placemark>
			<name>3292</name>
			<TimeStamp><when>2024-08-15T02:10:33Z</when>
</TimeStamp>
			<styleUrl>#waypoint</styleUrl>
			<Point>
				<coordinates>123.970476,10.340143,-62.73999999999999</coordinates>
			</Point>
		</Placemark>
		<Placemark>
			<name>3293</name>
			<TimeStamp><when>2024-08-15T02:10:42Z</when>
</TimeStamp>
			<styleUrl>#waypoint</styleUrl>
			<Point>
				<coordinates>123.970466,10.340206,-62.73999999999999</coordinates>
			</Point>
		</Placemark>
		<Placemark>
			<name>3294</name>
			<TimeStamp><when>2024-08-15T02:10:47Z</when>
</TimeStamp>
			<styleUrl>#waypoint</styleUrl>
			<Point>
				<coordinates>123.970456,10.340251,-62.73999999999999</coordinates>
			</Point>
		</Placemark>
		<Placemark>
			<name>3295</name>
			<TimeStamp><when>2024-08-15T02:10:53Z</when>
</TimeStamp>
			<styleUrl>#waypoint</styleUrl>
			<Point>
				<coordinates>123.970457,10.340292,-62.73999999999999</coordinates>
			</Point>
		</Placemark>
		<Placemark>
			<name>3296</name>
			<TimeStamp><when>2024-08-15T02:11:02Z</when>
</TimeStamp>
			<styleUrl>#waypoint</styleUrl>
			<Point>
				<coordinates>123.9705,10.340276,-62.73999999999999</coordinates>
			</Point>
		</Placemark>
		<Placemark>
			<name>3297</name>
			<TimeStamp><when>2024-08-15T02:11:14Z</when>
</TimeStamp>
			<styleUrl>#waypoint</styleUrl>
			<Point>
				<coordinates>123.970517,10.340205,-62.73999999999999</coordinates>
			</Point>
		</Placemark>
		<Placemark>
			<name>3298</name>
			<TimeStamp><when>2024-08-15T02:11:21Z</when>
</TimeStamp>
			<styleUrl>#waypoint</styleUrl>
			<Point>
				<coordinates>123.97052,10.340202,-62.73999999999999</coordinates>
			</Point>
		</Placemark>
		<Placemark>
			<name>3299</name>
			<TimeStamp><when>2024-08-15T02:11:27Z</when>
</TimeStamp>
			<styleUrl>#waypoint</styleUrl>
			<Point>
				<coordinates>123.970528,10.340157,-62.73999999999999</coordinates>
			</Point>
		</Placemark>
		<Placemark>
			<name>3300</name>
			<TimeStamp><when>2024-08-15T02:11:36Z</when>
</TimeStamp>
			<styleUrl>#waypoint</styleUrl>
			<Point>
				<coordinates>123.970557,10.340112,-62.73999999999999</coordinates>
			</Point>
		</Placemark>
		<Placemark>
			<name>3301</name>
			<TimeStamp><when>2024-08-15T02:11:42Z</when>
</TimeStamp>
			<styleUrl>#waypoint</styleUrl>
			<Point>
				<coordinates>123.970572,10.340131,-62.73999999999999</coordinates>
			</Point>
		</Placemark>
		<Placemark>
			<name>3302</name>
			<TimeStamp><when>2024-08-15T02:12:10Z</when>
</TimeStamp>
			<styleUrl>#waypoint</styleUrl>
			<Point>
				<coordinates>123.970568,10.340204,-62.73999999999999</coordinates>
			</Point>
		</Placemark>
		<Placemark>
			<name>3303</name>
			<TimeStamp><when>2024-08-15T02:12:19Z</when>
</TimeStamp>
			<styleUrl>#waypoint</styleUrl>
			<Point>
				<coordinates>123.970566,10.340206,-62.73999999999999</coordinates>
			</Point>
		</Placemark>
		<Placemark>
			<name>3304</name>
			<TimeStamp><when>2024-08-15T02:12:24Z</when>
</TimeStamp>
			<styleUrl>#waypoint</styleUrl>
			<Point>
				<coordinates>123.970579,10.340255,-62.73999999999999</coordinates>
			</Point>
		</Placemark>
		<Placemark>
			<name>3305</name>
			<TimeStamp><when>2024-08-15T02:12:34Z</when>
</TimeStamp>
			<styleUrl>#waypoint</styleUrl>
			<Point>
				<coordinates>123.970623,10.340286,-62.73999999999999</coordinates>
			</Point>
		</Placemark>
		<Placemark>
			<name>3306</name>
			<TimeStamp><when>2024-08-15T02:12:41Z</when>
</TimeStamp>
			<styleUrl>#waypoint</styleUrl>
			<Point>
				<coordinates>123.970631,10.340245,-62.73999999999999</coordinates>
			</Point>
		</Placemark>
		<Placemark>
			<name>3307</name>
			<TimeStamp><when>2024-08-15T02:13:47Z</when>
</TimeStamp>
			<styleUrl>#waypoint</styleUrl>
			<Point>
				<coordinates>123.970629,10.340121,-58.6</coordinates>
			</Point>
		</Placemark>
		<Placemark>
			<name>3308</name>
			<TimeStamp><when>2024-08-15T02:45:05Z</when>
</TimeStamp>
			<styleUrl>#waypoint</styleUrl>
			<Point>
				<coordinates>123.970674,10.340112,-60.84999999999999</coordinates>
			</Point>
		</Placemark>
		<Placemark>
			<name>3309</name>
			<TimeStamp><when>2024-08-15T02:45:58Z</when>
</TimeStamp>
			<styleUrl>#waypoint</styleUrl>
			<Point>
				<coordinates>123.970676,10.340131,-60.84999999999999</coordinates>
			</Point>
		</Placemark>
		<Placemark>
			<name>3310</name>
			<TimeStamp><when>2024-08-15T02:46:25Z</when>
</TimeStamp>
			<styleUrl>#waypoint</styleUrl>
			<Point>
				<coordinates>123.970681,10.340273,-60.84999999999999</coordinates>
			</Point>
		</Placemark>
		<Placemark>
			<name>3311</name>
			<TimeStamp><when>2024-08-15T02:46:35Z</when>
</TimeStamp>
			<styleUrl>#waypoint</styleUrl>
			<Point>
				<coordinates>123.970721,10.340295,-60.84999999999999</coordinates>
			</Point>
		</Placemark>
		<Placemark>
			<name>3312</name>
			<TimeStamp><when>2024-08-15T02:46:41Z</when>
</TimeStamp>
			<styleUrl>#waypoint</styleUrl>
			<Point>
				<coordinates>123.970726,10.340283,-60.84999999999999</coordinates>
			</Point>
		</Placemark>
		<Placemark>
			<name>3313</name>
			<TimeStamp><when>2024-08-15T02:46:54Z</when>
</TimeStamp>
			<styleUrl>#waypoint</styleUrl>
			<Point>
				<coordinates>123.970732,10.340205,-60.84999999999999</coordinates>
			</Point>
		</Placemark>
		<Placemark>
			<name>3314</name>
			<TimeStamp><when>2024-08-15T02:47:01Z</when>
</TimeStamp>
			<styleUrl>#waypoint</styleUrl>
			<Point>
				<coordinates>123.970724,10.340165,-60.84999999999999</coordinates>
			</Point>
		</Placemark>
		<Placemark>
			<name>3315</name>
			<TimeStamp><when>2024-08-15T02:47:05Z</when>
</TimeStamp>
			<styleUrl>#waypoint</styleUrl>
			<Point>
				<coordinates>123.970725,10.340133,-60.84999999999999</coordinates>
			</Point>
		</Placemark>
		<Placemark>
			<name>3316</name>
			<TimeStamp><when>2024-08-15T02:47:12Z</when>
</TimeStamp>
			<styleUrl>#waypoint</styleUrl>
			<Point>
				<coordinates>123.970738,10.340103,-60.84999999999999</coordinates>
			</Point>
		</Placemark>
		<Placemark>
			<name>3317</name>
			<TimeStamp><when>2024-08-15T02:47:18Z</when>
</TimeStamp>
			<styleUrl>#waypoint</styleUrl>
			<Point>
				<coordinates>123.970761,10.340106,-60.84999999999999</coordinates>
			</Point>
		</Placemark>
		<Placemark>
			<name>3318</name>
			<TimeStamp><when>2024-08-15T02:47:29Z</when>
</TimeStamp>
			<styleUrl>#waypoint</styleUrl>
			<Point>
				<coordinates>123.970778,10.340171,-60.84999999999999</coordinates>
			</Point>
		</Placemark>
		<Placemark>
			<name>3319</name>
			<TimeStamp><when>2024-08-15T02:47:45Z</when>
</TimeStamp>
			<styleUrl>#waypoint</styleUrl>
			<Point>
				<coordinates>123.970788,10.340234,-60.84999999999999</coordinates>
			</Point>
		</Placemark>
		<Placemark>
			<name>3320</name>
			<TimeStamp><when>2024-08-15T02:48:04Z</when>
</TimeStamp>
			<styleUrl>#waypoint</styleUrl>
			<Point>
				<coordinates>123.970808,10.340292,-60.84999999999999</coordinates>
			</Point>
		</Placemark>
		<Placemark>
			<name>3321</name>
			<TimeStamp><when>2024-08-15T02:48:16Z</when>
</TimeStamp>
			<styleUrl>#waypoint</styleUrl>
			<Point>
				<coordinates>123.970829,10.340267,-60.84999999999999</coordinates>
			</Point>
		</Placemark>
		<Placemark>
			<name>3322</name>
			<TimeStamp><when>2024-08-15T02:48:40Z</when>
</TimeStamp>
			<styleUrl>#waypoint</styleUrl>
			<Point>
				<coordinates>123.970908,10.340265,-60.84999999999999</coordinates>
			</Point>
		</Placemark>
		<Placemark>
			<name>3323</name>
			<TimeStamp><when>2024-08-15T02:48:53Z</when>
</TimeStamp>
			<styleUrl>#waypoint</styleUrl>
			<Point>
				<coordinates>123.970984,10.340241,-60.84999999999999</coordinates>
			</Point>
		</Placemark>
		<Placemark>
			<name>3324</name>
			<TimeStamp><when>2024-08-15T02:49:01Z</when>
</TimeStamp>
			<styleUrl>#waypoint</styleUrl>
			<Point>
				<coordinates>123.971028,10.340235,-60.84999999999999</coordinates>
			</Point>
		</Placemark>
		<Placemark>
			<name>3325</name>
			<TimeStamp><when>2024-08-15T02:49:14Z</when>
</TimeStamp>
			<styleUrl>#waypoint</styleUrl>
			<Point>
				<coordinates>123.97106,10.340173,-60.84999999999999</coordinates>
			</Point>
		</Placemark>
		<Placemark>
			<name>3326</name>
			<TimeStamp><when>2024-08-15T02:49:22Z</when>
</TimeStamp>
			<styleUrl>#waypoint</styleUrl>
			<Point>
				<coordinates>123.971035,10.340178,-60.84999999999999</coordinates>
			</Point>
		</Placemark>
		<Placemark>
			<name>3327</name>
			<TimeStamp><when>2024-08-15T02:49:31Z</when>
</TimeStamp>
			<styleUrl>#waypoint</styleUrl>
			<Point>
				<coordinates>123.970998,10.340174,-60.84999999999999</coordinates>
			</Point>
		</Placemark>
		<Placemark>
			<name>3328</name>
			<TimeStamp><when>2024-08-15T02:49:41Z</when>
</TimeStamp>
			<styleUrl>#waypoint</styleUrl>
			<Point>
				<coordinates>123.971006,10.340099,-60.84999999999999</coordinates>
			</Point>
		</Placemark>
		<Placemark>
			<name>3329</name>
			<TimeStamp><when>2024-08-15T02:49:47Z</when>
</TimeStamp>
			<styleUrl>#waypoint</styleUrl>
			<Point>
				<coordinates>123.970995,10.340089,-60.84999999999999</coordinates>
			</Point>
		</Placemark>
		<Placemark>
			<name>3330</name>
			<TimeStamp><when>2024-08-15T02:49:56Z</when>
</TimeStamp>
			<styleUrl>#waypoint</styleUrl>
			<Point>
				<coordinates>123.970988,10.340052,-60.84999999999999</coordinates>
			</Point>
		</Placemark>
		<Placemark>
			<name>3331</name>
			<TimeStamp><when>2024-08-15T02:50:13Z</when>
</TimeStamp>
			<styleUrl>#waypoint</styleUrl>
			<Point>
				<coordinates>123.970966,10.340068,-60.84999999999999</coordinates>
			</Point>
		</Placemark>
		<Placemark>
			<name>3332</name>
			<TimeStamp><when>2024-08-15T02:50:26Z</when>
</TimeStamp>
			<styleUrl>#waypoint</styleUrl>
			<Point>
				<coordinates>123.970927,10.340079,-60.84999999999999</coordinates>
			</Point>
		</Placemark>
		<Placemark>
			<name>3333</name>
			<TimeStamp><when>2024-08-15T02:50:32Z</when>
</TimeStamp>
			<styleUrl>#waypoint</styleUrl>
			<Point>
				<coordinates>123.970884,10.340088,-60.84999999999999</coordinates>
			</Point>
		</Placemark>
		<Placemark>
			<name>3334</name>
			<TimeStamp><when>2024-08-15T02:50:37Z</when>
</TimeStamp>
			<styleUrl>#waypoint</styleUrl>
			<Point>
				<coordinates>123.970859,10.340094,-60.84999999999999</coordinates>
			</Point>
		</Placemark>
		<Placemark>
			<name>3335</name>
			<TimeStamp><when>2024-08-15T02:54:05Z</when>
</TimeStamp>
			<styleUrl>#waypoint</styleUrl>
			<Point>
				<coordinates>123.969864,10.340898,-60.84</coordinates>
			</Point>
		</Placemark>
		<Placemark>
			<name>3336</name>
			<TimeStamp><when>2024-08-15T02:54:35Z</when>
</TimeStamp>
			<styleUrl>#waypoint</styleUrl>
			<Point>
				<coordinates>123.969813,10.340934,-60.84</coordinates>
			</Point>
		</Placemark>
		<Placemark>
			<name>3337</name>
			<TimeStamp><when>2024-08-15T02:54:45Z</when>
</TimeStamp>
			<styleUrl>#waypoint</styleUrl>
			<Point>
				<coordinates>123.969757,10.340961,-60.84</coordinates>
			</Point>
		</Placemark>
		<Placemark>
			<name>3338</name>
			<TimeStamp><when>2024-08-15T02:54:56Z</when>
</TimeStamp>
			<styleUrl>#waypoint</styleUrl>
			<Point>
				<coordinates>123.969714,10.340989,-60.84</coordinates>
			</Point>
		</Placemark>
		<Placemark>
			<name>3339</name>
			<TimeStamp><when>2024-08-15T02:55:06Z</when>
</TimeStamp>
			<styleUrl>#waypoint</styleUrl>
			<Point>
				<coordinates>123.969655,10.340987,-60.84</coordinates>
			</Point>
		</Placemark>
		<Placemark>
			<name>3340</name>
			<TimeStamp><when>2024-08-15T02:55:25Z</when>
</TimeStamp>
			<styleUrl>#waypoint</styleUrl>
			<Point>
				<coordinates>123.969602,10.340995,-60.84</coordinates>
			</Point>
		</Placemark>
		<Placemark>
			<name>3341</name>
			<TimeStamp><when>2024-08-15T02:55:31Z</when>
</TimeStamp>
			<styleUrl>#waypoint</styleUrl>
			<Point>
				<coordinates>123.969558,10.34099,-60.84</coordinates>
			</Point>
		</Placemark>
		<Placemark>
			<name>3342</name>
			<TimeStamp><when>2024-08-15T02:55:37Z</when>
</TimeStamp>
			<styleUrl>#waypoint</styleUrl>
			<Point>
				<coordinates>123.969521,10.340988,-60.84</coordinates>
			</Point>
		</Placemark>
		<Placemark>
			<name>3343</name>
			<TimeStamp><when>2024-08-15T02:55:44Z</when>
</TimeStamp>
			<styleUrl>#waypoint</styleUrl>
			<Point>
				<coordinates>123.969477,10.340977,-60.84</coordinates>
			</Point>
		</Placemark>
		<Placemark>
			<name>3344</name>
			<TimeStamp><when>2024-08-15T02:55:49Z</when>
</TimeStamp>
			<styleUrl>#waypoint</styleUrl>
			<Point>
				<coordinates>123.969427,10.340965,-60.84</coordinates>
			</Point>
		</Placemark>
		<Placemark>
			<name>3345</name>
			<TimeStamp><when>2024-08-15T02:55:56Z</when>
</TimeStamp>
			<styleUrl>#waypoint</styleUrl>
			<Point>
				<coordinates>123.969385,10.340944,-60.84</coordinates>
			</Point>
		</Placemark>
		<Placemark>
			<name>3346</name>
			<TimeStamp><when>2024-08-15T02:56:08Z</when>
</TimeStamp>
			<styleUrl>#waypoint</styleUrl>
			<Point>
				<coordinates>123.969338,10.340897,-60.84</coordinates>
			</Point>
		</Placemark>
		<Placemark>
			<name>3347</name>
			<TimeStamp><when>2024-08-15T02:56:23Z</when>
</TimeStamp>
			<styleUrl>#waypoint</styleUrl>
			<Point>
				<coordinates>123.969265,10.34082,-60.84</coordinates>
			</Point>
		</Placemark>
		<Placemark>
			<name>3348</name>
			<TimeStamp><when>2024-08-15T02:56:31Z</when>
</TimeStamp>
			<styleUrl>#waypoint</styleUrl>
			<Point>
				<coordinates>123.969258,10.340806,-60.84</coordinates>
			</Point>
		</Placemark>
		<Placemark>
			<name>3349</name>
			<TimeStamp><when>2024-08-15T02:56:47Z</when>
</TimeStamp>
			<styleUrl>#waypoint</styleUrl>
			<Point>
				<coordinates>123.969219,10.340752,-60.84</coordinates>
			</Point>
		</Placemark>
		<Placemark>
			<name>3350</name>
			<TimeStamp><when>2024-08-15T02:56:59Z</when>
</TimeStamp>
			<styleUrl>#waypoint</styleUrl>
			<Point>
				<coordinates>123.969216,10.340712,-60.84</coordinates>
			</Point>
		</Placemark>
		<Placemark>
			<name>3351</name>
			<TimeStamp><when>2024-08-15T02:57:07Z</when>
</TimeStamp>
			<styleUrl>#waypoint</styleUrl>
			<Point>
				<coordinates>123.969211,10.340672,-60.84</coordinates>
			</Point>
		</Placemark>
		<Placemark>
			<name>3352</name>
			<TimeStamp><when>2024-08-15T02:57:16Z</when>
</TimeStamp>
			<styleUrl>#waypoint</styleUrl>
			<Point>
				<coordinates>123.96921,10.340624,-60.84</coordinates>
			</Point>
		</Placemark>
		<Placemark>
			<name>3353</name>
			<TimeStamp><when>2024-08-15T02:57:23Z</when>
</TimeStamp>
			<styleUrl>#waypoint</styleUrl>
			<Point>
				<coordinates>123.969205,10.340568,-60.84999999999999</coordinates>
			</Point>
		</Placemark>
		<Placemark>
			<name>3354</name>
			<TimeStamp><when>2024-08-15T02:57:33Z</when>
</TimeStamp>
			<styleUrl>#waypoint</styleUrl>
			<Point>
				<coordinates>123.969214,10.34051,-60.84999999999999</coordinates>
			</Point>
		</Placemark>
	</Folder>
</Document>
</kml>
